mag,det,base,pitch,stage_x_um,stage_y_um
1000,SED,Grp_003_SED_X000_Y000,1.6536565599999997,6483.0,14712.0
1000,SED,Grp_003_SED_X000_Y001,1.6788466688888888,6483.0,14724.0
1000,SED,Grp_003_SED_X000_Y002,1.652174788888889,6483.0,14737.0
1000,SED,Grp_003_SED_X000_Y003,1.649655778,6483.0,14750.0
1000,SED,Grp_003_SED_X000_Y004,1.6523229659999998,6483.0,14762.0
1000,SED,Grp_003_SED_X000_Y005,1.6699560422222222,6484.0,14775.0
1000,SED,Grp_003_SED_X000_Y006,1.6625471866666668,6483.0,14787.0
1000,SED,Grp_003_SED_X000_Y007,1.6492112466666664,6484.0,14800.0
1000,SED,Grp_003_SED_X001_Y000,1.65365656,6466.0,14712.0
1000,SED,Grp_003_SED_X001_Y001,1.6610654155555555,6466.0,14724.0
1000,SED,Grp_003_SED_X001_Y002,1.6803284399999998,6466.0,14737.0
1000,SED,Grp_003_SED_X001_Y003,1.672326876,6467.0,14750.0
1000,SED,Grp_003_SED_X001_Y004,1.654990154,6466.0,14762.0
1000,SED,Grp_003_SED_X001_Y005,1.641802391111111,6467.0,14775.0
1000,SED,Grp_003_SED_X001_Y006,1.655138331111111,6466.0,14787.0
1000,SED,Grp_003_SED_X001_Y007,1.6595836444444447,6467.0,14800.0
1000,SED,Grp_003_SED_X002_Y000,1.65365656,6449.0,14712.0
1000,SED,Grp_003_SED_X002_Y001,1.655138331111111,6450.0,14724.0
1000,SED,Grp_003_SED_X002_Y002,1.6477294755555554,6449.0,14737.0
1000,SED,Grp_003_SED_X002_Y003,1.65365656,6450.0,14750.0
1000,SED,Grp_003_SED_X002_Y004,1.6549901539999996,6449.0,14762.0
1000,SED,Grp_003_SED_X002_Y005,1.645654996,6450.0,14775.0
1000,SED,Grp_003_SED_X002_Y006,1.6610654155555555,6449.0,14787.0
1000,SED,Grp_003_SED_X002_Y007,1.6595836444444443,6450.0,14800.0
1000,SED,Grp_003_SED_X003_Y000,1.6640289577777778,6432.0,14712.0
1000,SED,Grp_003_SED_X003_Y001,1.6729195844444444,6433.0,14724.0
1000,SED,Grp_003_SED_X003_Y002,1.6640289577777778,6432.0,14737.0
1000,SED,Grp_003_SED_X003_Y003,1.6581018733333333,6433.0,14750.0
1000,SED,Grp_003_SED_X003_Y004,1.6643253120000001,6432.0,14762.0
1000,SED,Grp_003_SED_X003_Y005,1.6506930177777777,6433.0,14775.0
1000,SED,Grp_003_SED_X003_Y006,1.643284162222222,6432.0,14787.0
1000,SED,Grp_003_SED_X003_Y007,1.658990936,6433.0,14800.0
1000,SED,Grp_003_SED_X004_Y000,1.6669925,6415.0,14712.0
1000,SED,Grp_003_SED_X004_Y001,1.6744013555555555,6416.0,14724.0
1000,SED,Grp_003_SED_X004_Y002,1.6521747888888887,6415.0,14737.0
1000,SED,Grp_003_SED_X004_Y003,1.655138331111111,6416.0,14750.0
1000,SED,Grp_003_SED_X004_Y004,1.6566201022222222,6416.0,14762.0
1000,SED,Grp_003_SED_X004_Y005,1.6699560422222222,6416.0,14775.0
1000,SED,Grp_003_SED_X004_Y006,1.64698859,6416.0,14787.0
1000,SED,Grp_003_SED_X004_Y007,1.6576573419999998,6416.0,14800.0
1000,SED,Grp_003_SED_X005_Y000,1.6523229659999998,6399.0,14712.0
1000,SED,Grp_003_SED_X005_Y001,1.6563237479999997,6399.0,14724.0
1000,SED,Grp_003_SED_X005_Y002,1.6640289577777776,6399.0,14737.0
1000,SED,Grp_003_SED_X005_Y003,1.6640289577777778,6399.0,14750.0
1000,SED,Grp_003_SED_X005_Y004,1.6566201022222222,6399.0,14762.0
1000,SED,Grp_003_SED_X005_Y005,1.656620102222222,6399.0,14775.0
1000,SED,Grp_003_SED_X005_Y006,1.672326876,6399.0,14787.0
1000,SED,Grp_003_SED_X005_Y007,1.6736604700000002,6399.0,14800.0
1000,SED,Grp_003_SED_X006_Y000,1.6416542140000001,6382.0,14712.0
1000,SED,Grp_003_SED_X006_Y001,1.6563237479999997,6382.0,14724.0
1000,SED,Grp_003_SED_X006_Y002,1.6669925,6382.0,14737.0
1000,SED,Grp_003_SED_X006_Y003,1.6714378133333332,6382.0,14750.0
1000,SED,Grp_003_SED_X006_Y004,1.6492112466666666,6382.0,14762.0
1000,SED,Grp_003_SED_X006_Y005,1.655138331111111,6382.0,14775.0
1000,SED,Grp_003_SED_X006_Y006,1.6699560422222222,6382.0,14787.0
1000,SED,Grp_003_SED_X006_Y007,1.6477294755555556,6382.0,14800.0
1000,SED,Grp_003_SED_X007_Y000,1.6763276579999995,6365.0,14712.0
1000,SED,Grp_003_SED_X007_Y001,1.65365656,6365.0,14725.0
1000,SED,Grp_003_SED_X007_Y002,1.641802391111111,6365.0,14737.0
1000,SED,Grp_003_SED_X007_Y003,1.6655107288888888,6365.0,14750.0
1000,SED,Grp_003_SED_X007_Y004,1.6640289577777776,6365.0,14762.0
1000,SED,Grp_003_SED_X007_Y005,1.655138331111111,6365.0,14775.0
1000,SED,Grp_003_SED_X007_Y006,1.65365656,6365.0,14787.0
1000,SED,Grp_003_SED_X007_Y007,1.644765933333333,6365.0,14800.0
1000,BED-S,Grp_003_BED-S_X000_Y000,1.6509893720000002,6483.0,14712.0
1000,BED-S,Grp_003_BED-S_X000_Y001,1.6643253120000001,6483.0,14724.0
1000,BED-S,Grp_003_BED-S_X000_Y002,1.6447659333333333,6483.0,14737.0
1000,BED-S,Grp_003_BED-S_X000_Y003,1.6492112466666664,6483.0,14750.0
1000,BED-S,Grp_003_BED-S_X000_Y004,1.6506930177777777,6483.0,14762.0
1000,BED-S,Grp_003_BED-S_X000_Y005,1.6447659333333333,6483.0,14775.0
1000,BED-S,Grp_003_BED-S_X000_Y006,1.6536565599999997,6483.0,14787.0
1000,BED-S,Grp_003_BED-S_X000_Y007,1.655138331111111,6483.0,14800.0
1000,BED-S,Grp_003_BED-S_X001_Y000,1.645654996,6466.0,14712.0
1000,BED-S,Grp_003_BED-S_X001_Y001,1.6477294755555554,6466.0,14724.0
1000,BED-S,Grp_003_BED-S_X001_Y002,1.6758831266666665,6466.0,14737.0
1000,BED-S,Grp_003_BED-S_X001_Y003,1.6536565599999997,6466.0,14750.0
1000,BED-S,Grp_003_BED-S_X001_Y004,1.6521747888888887,6466.0,14762.0
1000,BED-S,Grp_003_BED-S_X001_Y005,1.6153157325,6466.0,14775.0
1000,BED-S,Grp_003_BED-S_X001_Y006,1.6314299933333334,6466.0,14787.0
1000,BED-S,Grp_003_BED-S_X001_Y007,1.652174788888889,6466.0,14800.0
1000,BED-S,Grp_003_BED-S_X002_Y000,1.6509893720000002,6449.0,14712.0
1000,BED-S,Grp_003_BED-S_X002_Y001,1.6521747888888887,6449.0,14724.0
1000,BED-S,Grp_003_BED-S_X002_Y002,1.655138331111111,6449.0,14737.0
1000,BED-S,Grp_003_BED-S_X002_Y003,1.6509893720000002,6449.0,14750.0
1000,BED-S,Grp_003_BED-S_X002_Y004,1.6744013555555555,6450.0,14762.0
1000,BED-S,Grp_003_BED-S_X002_Y005,1.6477294755555552,6450.0,14775.0
1000,BED-S,Grp_003_BED-S_X002_Y006,1.6462477044444443,6450.0,14787.0
1000,BED-S,Grp_003_BED-S_X002_Y007,1.6432841622222218,6450.0,14800.0
1000,BED-S,Grp_003_BED-S_X003_Y000,1.6595836444444443,6433.0,14712.0
1000,BED-S,Grp_003_BED-S_X003_Y001,1.6506930177777777,6432.0,14724.0
1000,BED-S,Grp_003_BED-S_X003_Y002,1.6656589059999998,6433.0,14737.0
1000,BED-S,Grp_003_BED-S_X003_Y003,1.656620102222222,6433.0,14750.0
1000,BED-S,Grp_003_BED-S_X003_Y004,1.6469885899999999,6433.0,14762.0
1000,BED-S,Grp_003_BED-S_X003_Y005,1.6753274624999999,6433.0,14775.0
1000,BED-S,Grp_003_BED-S_X003_Y006,1.655138331111111,6433.0,14787.0
1000,BED-S,Grp_003_BED-S_X003_Y007,1.6521747888888887,6433.0,14800.0
1000,BED-S,Grp_003_BED-S_X004_Y000,1.6521747888888887,6416.0,14712.0
1000,BED-S,Grp_003_BED-S_X004_Y001,1.655138331111111,6416.0,14724.0
1000,BED-S,Grp_003_BED-S_X004_Y002,1.6429878080000002,6416.0,14737.0
1000,BED-S,Grp_003_BED-S_X004_Y003,1.6477294755555556,6416.0,14750.0
1000,BED-S,Grp_003_BED-S_X004_Y004,1.6477294755555556,6416.0,14762.0
1000,BED-S,Grp_003_BED-S_X004_Y005,1.6443214019999999,6416.0,14775.0
1000,BED-S,Grp_003_BED-S_X004_Y006,1.6447659333333333,6416.0,14787.0
1000,BED-S,Grp_003_BED-S_X004_Y007,1.6595836444444445,6416.0,14800.0
1000,BED-S,Grp_003_BED-S_X005_Y000,1.644765933333333,6399.0,14712.0
1000,BED-S,Grp_003_BED-S_X005_Y001,1.6477294755555556,6399.0,14724.0
1000,BED-S,Grp_003_BED-S_X005_Y002,1.6536565600000002,6399.0,14737.0
1000,BED-S,Grp_003_BED-S_X005_Y003,1.644765933333333,6399.0,14750.0
1000,BED-S,Grp_003_BED-S_X005_Y004,1.672326876,6399.0,14762.0
1000,BED-S,Grp_003_BED-S_X005_Y005,1.6640289577777778,6399.0,14775.0
1000,BED-S,Grp_003_BED-S_X005_Y006,1.6492112466666666,6399.0,14787.0
1000,BED-S,Grp_003_BED-S_X005_Y007,1.668326094,6399.0,14800.0
1000,BED-S,Grp_003_BED-S_X006_Y000,1.655138331111111,6382.0,14712.0
1000,BED-S,Grp_003_BED-S_X006_Y001,1.6447659333333333,6382.0,14724.0
1000,BED-S,Grp_003_BED-S_X006_Y002,1.6418023911111108,6382.0,14737.0
1000,BED-S,Grp_003_BED-S_X006_Y003,1.6462477044444443,6382.0,14750.0
1000,BED-S,Grp_003_BED-S_X006_Y004,1.6576573419999998,6382.0,14762.0
1000,BED-S,Grp_003_BED-S_X006_Y005,1.6462477044444443,6382.0,14775.0
1000,BED-S,Grp_003_BED-S_X006_Y006,1.652174788888889,6382.0,14787.0
1000,BED-S,Grp_003_BED-S_X006_Y007,1.6416542139999997,6382.0,14800.0
1000,BED-S,Grp_003_BED-S_X007_Y000,1.652174788888889,6365.0,14712.0
1000,BED-S,Grp_003_BED-S_X007_Y001,1.6503225749999997,6365.0,14724.0
1000,BED-S,Grp_003_BED-S_X007_Y002,1.652174788888889,6365.0,14737.0
1000,BED-S,Grp_003_BED-S_X007_Y003,1.6521747888888887,6365.0,14750.0
1000,BED-S,Grp_003_BED-S_X007_Y004,1.6595836444444443,6365.0,14762.0
1000,BED-S,Grp_003_BED-S_X007_Y005,1.6595836444444445,6365.0,14775.0
1000,BED-S,Grp_003_BED-S_X007_Y006,1.6563237479999997,6365.0,14787.0
1000,BED-S,Grp_003_BED-S_X007_Y007,1.6492112466666664,6365.0,14800.0
750,SED,Grp_001_SED_X000_Y000,1.6684742711111111,6504.0,14697.0
750,SED,Grp_001_SED_X000_Y001,1.6655107288888886,6504.0,14710.0
750,SED,Grp_001_SED_X000_Y002,1.6803284399999998,6503.0,14723.0
750,SED,Grp_001_SED_X000_Y003,1.6773648977777775,6504.0,14735.0
750,SED,Grp_001_SED_X000_Y004,1.6625471866666668,6503.0,14748.0
750,SED,Grp_001_SED_X000_Y005,1.6523229659999998,6504.0,14760.0
750,SED,Grp_001_SED_X000_Y006,1.652174788888889,6504.0,14773.0
750,SED,Grp_001_SED_X000_Y007,1.664028957777778,6504.0,14785.0
750,SED,Grp_001_SED_X000_Y008,1.6669924999999999,6504.0,14798.0
750,SED,Grp_001_SED_X000_Y009,1.6595836444444445,6504.0,14810.0
750,SED,Grp_001_SED_X001_Y000,1.6610654155555553,6486.0,14698.0
750,SED,Grp_001_SED_X001_Y001,1.6655107288888888,6487.0,14710.0
750,SED,Grp_001_SED_X001_Y002,1.6699560422222222,6486.0,14723.0
750,SED,Grp_001_SED_X001_Y003,1.6625471866666666,6487.0,14735.0
750,SED,Grp_001_SED_X001_Y004,1.670993282,6486.0,14748.0
750,SED,Grp_001_SED_X001_Y005,1.6656589059999998,6487.0,14760.0
750,SED,Grp_001_SED_X001_Y006,1.6469885899999999,6486.0,14773.0
750,SED,Grp_001_SED_X001_Y007,1.6576573419999998,6487.0,14786.0
750,SED,Grp_001_SED_X001_Y008,1.6655107288888888,6487.0,14798.0
750,SED,Grp_001_SED_X001_Y009,1.6521747888888887,6487.0,14810.0
750,SED,Grp_001_SED_X002_Y000,1.6699560422222222,6469.0,14698.0
750,SED,Grp_001_SED_X002_Y001,1.668474271111111,6470.0,14710.0
750,SED,Grp_001_SED_X002_Y002,1.6595836444444443,6470.0,14723.0
750,SED,Grp_001_SED_X002_Y003,1.6788466688888888,6470.0,14735.0
750,SED,Grp_001_SED_X002_Y004,1.6862555244444444,6470.0,14748.0
750,SED,Grp_001_SED_X002_Y005,1.658101873333333,6470.0,14760.0
750,SED,Grp_001_SED_X002_Y006,1.6523229659999998,6470.0,14773.0
750,SED,Grp_001_SED_X002_Y007,1.64698859,6470.0,14786.0
750,SED,Grp_001_SED_X002_Y008,1.6492112466666664,6470.0,14798.0
750,SED,Grp_001_SED_X002_Y009,1.6640289577777776,6470.0,14811.0
750,SED,Grp_001_SED_X003_Y000,1.6669925,6453.0,14698.0
750,SED,Grp_001_SED_X003_Y001,1.6714378133333332,6453.0,14710.0
750,SED,Grp_001_SED_X003_Y002,1.6684742711111111,6453.0,14723.0
750,SED,Grp_001_SED_X003_Y003,1.68032844,6453.0,14735.0
750,SED,Grp_001_SED_X003_Y004,1.6610654155555555,6453.0,14748.0
750,SED,Grp_001_SED_X003_Y005,1.6832919822222223,6453.0,14760.0
750,SED,Grp_001_SED_X003_Y006,1.676327658,6453.0,14773.0
750,SED,Grp_001_SED_X003_Y007,1.670993282,6453.0,14786.0
750,SED,Grp_001_SED_X003_Y008,1.64698859,6453.0,14798.0
750,SED,Grp_001_SED_X003_Y009,1.6714378133333332,6453.0,14811.0
750,SED,Grp_001_SED_X004_Y000,1.6456549959999998,6436.0,14698.0
750,SED,Grp_001_SED_X004_Y001,1.649655778,6436.0,14710.0
750,SED,Grp_001_SED_X004_Y002,1.683291982222222,6436.0,14723.0
750,SED,Grp_001_SED_X004_Y003,1.6714378133333332,6436.0,14735.0
750,SED,Grp_001_SED_X004_Y004,1.6477294755555554,6436.0,14748.0
750,SED,Grp_001_SED_X004_Y005,1.6625471866666668,6436.0,14760.0
750,SED,Grp_001_SED_X004_Y006,1.6758831266666665,6436.0,14773.0
750,SED,Grp_001_SED_X004_Y007,1.6744013555555555,6436.0,14786.0
750,SED,Grp_001_SED_X004_Y008,1.658990936,6436.0,14798.0
750,SED,Grp_001_SED_X004_Y009,1.6669925,6437.0,14811.0
750,SED,Grp_001_SED_X005_Y000,1.6736604700000002,6419.0,14698.0
750,SED,Grp_001_SED_X005_Y001,1.6736604699999997,6419.0,14710.0
750,SED,Grp_001_SED_X005_Y002,1.661658124,6419.0,14723.0
750,SED,Grp_001_SED_X005_Y003,1.6509893719999997,6419.0,14735.0
750,SED,Grp_001_SED_X005_Y004,1.6714378133333332,6419.0,14748.0
750,SED,Grp_001_SED_X005_Y005,1.6669925,6419.0,14760.0
750,SED,Grp_001_SED_X005_Y006,1.6595836444444443,6419.0,14773.0
750,SED,Grp_001_SED_X005_Y007,1.6758831266666665,6420.0,14786.0
750,SED,Grp_001_SED_X005_Y008,1.6581018733333335,6419.0,14798.0
750,SED,Grp_001_SED_X005_Y009,1.6749940639999998,6420.0,14811.0
750,SED,Grp_001_SED_X006_Y000,1.6788466688888888,6402.0,14698.0
750,SED,Grp_001_SED_X006_Y001,1.683291982222222,6402.0,14710.0
750,SED,Grp_001_SED_X006_Y002,1.6523229659999998,6402.0,14723.0
750,SED,Grp_001_SED_X006_Y003,1.6469885899999999,6402.0,14735.0
750,SED,Grp_001_SED_X006_Y004,1.6699560422222222,6402.0,14748.0
750,SED,Grp_001_SED_X006_Y005,1.6847737533333331,6403.0,14760.0
750,SED,Grp_001_SED_X006_Y006,1.6595836444444443,6402.0,14773.0
750,SED,Grp_001_SED_X006_Y007,1.6566201022222222,6403.0,14786.0
750,SED,Grp_001_SED_X006_Y008,1.683291982222222,6402.0,14798.0
750,SED,Grp_001_SED_X006_Y009,1.64032062,6403.0,14811.0
750,SED,Grp_001_SED_X007_Y000,1.6729195844444442,6385.0,14698.0
750,SED,Grp_001_SED_X007_Y001,1.6729195844444444,6386.0,14710.0
750,SED,Grp_001_SED_X007_Y002,1.6803284399999998,6385.0,14723.0
750,SED,Grp_001_SED_X007_Y003,1.670993282,6386.0,14735.0
750,SED,Grp_001_SED_X007_Y004,1.6523229659999998,6385.0,14748.0
750,SED,Grp_001_SED_X007_Y005,1.6403206199999998,6386.0,14760.0
750,SED,Grp_001_SED_X007_Y006,1.6640289577777776,6385.0,14773.0
750,SED,Grp_001_SED_X007_Y007,1.6640289577777778,6386.0,14786.0
750,SED,Grp_001_SED_X007_Y008,1.656620102222222,6385.0,14798.0
750,SED,Grp_001_SED_X007_Y009,1.6788466688888886,6386.0,14811.0
750,SED,Grp_001_SED_X008_Y000,1.6640289577777778,6368.0,14698.0
750,SED,Grp_001_SED_X008_Y001,1.6714378133333332,6369.0,14710.0
750,SED,Grp_001_SED_X008_Y002,1.68032844,6368.0,14723.0
750,SED,Grp_001_SED_X008_Y003,1.6640289577777776,6369.0,14735.0
750,SED,Grp_001_SED_X008_Y004,1.6696596879999999,6368.0,14748.0
750,SED,Grp_001_SED_X008_Y005,1.658990936,6369.0,14760.0
750,SED,Grp_001_SED_X008_Y006,1.6477294755555556,6368.0,14773.0
750,SED,Grp_001_SED_X008_Y007,1.6669924999999999,6369.0,14786.0
750,SED,Grp_001_SED_X008_Y008,1.6610654155555555,6369.0,14798.0
750,SED,Grp_001_SED_X008_Y009,1.656620102222222,6369.0,14811.0
750,SED,Grp_001_SED_X009_Y000,1.6744013555555552,6351.0,14698.0
750,SED,Grp_001_SED_X009_Y001,1.6610654155555553,6352.0,14711.0
750,SED,Grp_001_SED_X009_Y002,1.6640289577777778,6351.0,14723.0
750,SED,Grp_001_SED_X009_Y003,1.6625471866666668,6352.0,14736.0
750,SED,Grp_001_SED_X009_Y004,1.6669925,6351.0,14748.0
750,SED,Grp_001_SED_X009_Y005,1.6563237480000002,6352.0,14761.0
750,SED,Grp_001_SED_X009_Y006,1.648322184,6352.0,14773.0
750,SED,Grp_001_SED_X009_Y007,1.6655107288888888,6352.0,14786.0
750,SED,Grp_001_SED_X009_Y008,1.6669924999999999,6352.0,14798.0
750,SED,Grp_001_SED_X009_Y009,1.655138331111111,6352.0,14811.0
750,BED-S,Grp_001_BED-S_X000_Y000,1.6610654155555555,6503.0,14698.0
750,BED-S,Grp_001_BED-S_X000_Y001,1.6640289577777778,6503.0,14710.0
750,BED-S,Grp_001_BED-S_X000_Y002,1.6603245299999998,6503.0,14723.0
750,BED-S,Grp_001_BED-S_X000_Y003,1.6625471866666666,6503.0,14735.0
750,BED-S,Grp_001_BED-S_X000_Y004,1.6610654155555555,6503.0,14748.0
750,BED-S,Grp_001_BED-S_X000_Y005,1.6773648977777775,6504.0,14760.0
750,BED-S,Grp_001_BED-S_X000_Y006,1.6506930177777777,6504.0,14773.0
750,BED-S,Grp_001_BED-S_X000_Y007,1.644765933333333,6504.0,14785.0
750,BED-S,Grp_001_BED-S_X000_Y008,1.6595836444444443,6504.0,14798.0
750,BED-S,Grp_001_BED-S_X000_Y009,1.6509893719999997,6504.0,14810.0
750,BED-S,Grp_001_BED-S_X001_Y000,1.6610654155555555,6487.0,14698.0
750,BED-S,Grp_001_BED-S_X001_Y001,1.6625471866666668,6486.0,14710.0
750,BED-S,Grp_001_BED-S_X001_Y002,1.6736604700000002,6487.0,14723.0
750,BED-S,Grp_001_BED-S_X001_Y003,1.6563237480000002,6487.0,14735.0
750,BED-S,Grp_001_BED-S_X001_Y004,1.6329117644444444,6487.0,14748.0
750,BED-S,Grp_001_BED-S_X001_Y005,1.6563237479999997,6487.0,14760.0
750,BED-S,Grp_001_BED-S_X001_Y006,1.655138331111111,6487.0,14773.0
750,BED-S,Grp_001_BED-S_X001_Y007,1.6536565599999997,6487.0,14786.0
750,BED-S,Grp_001_BED-S_X001_Y008,1.6388388488888888,6487.0,14798.0
750,BED-S,Grp_001_BED-S_X001_Y009,1.656620102222222,6487.0,14810.0
750,BED-S,Grp_001_BED-S_X002_Y000,1.6595836444444443,6470.0,14698.0
750,BED-S,Grp_001_BED-S_X002_Y001,1.6492112466666664,6470.0,14710.0
750,BED-S,Grp_001_BED-S_X002_Y002,1.6625471866666666,6470.0,14723.0
750,BED-S,Grp_001_BED-S_X002_Y003,1.6655107288888888,6470.0,14735.0
750,BED-S,Grp_001_BED-S_X002_Y004,1.6610654155555555,6470.0,14748.0
750,BED-S,Grp_001_BED-S_X002_Y005,1.6506930177777777,6470.0,14760.0
750,BED-S,Grp_001_BED-S_X002_Y006,1.6736604699999997,6470.0,14773.0
750,BED-S,Grp_001_BED-S_X002_Y007,1.576308108,6470.0,14786.0
750,BED-S,Grp_001_BED-S_X002_Y008,1.644765933333333,6470.0,14798.0
750,BED-S,Grp_001_BED-S_X002_Y009,1.643284162222222,6470.0,14811.0
750,BED-S,Grp_001_BED-S_X003_Y000,1.6329117644444446,6453.0,14698.0
750,BED-S,Grp_001_BED-S_X003_Y001,1.6581018733333333,6453.0,14710.0
750,BED-S,Grp_001_BED-S_X003_Y002,1.6581018733333333,6453.0,14723.0
750,BED-S,Grp_001_BED-S_X003_Y003,1.656620102222222,6453.0,14735.0
750,BED-S,Grp_001_BED-S_X003_Y004,1.6576573419999998,6453.0,14748.0
750,BED-S,Grp_001_BED-S_X003_Y005,1.6509893720000002,6453.0,14760.0
750,BED-S,Grp_001_BED-S_X003_Y006,1.6349862439999998,6453.0,14773.0
750,BED-S,Grp_001_BED-S_X003_Y007,1.65365656,6453.0,14786.0
750,BED-S,Grp_001_BED-S_X003_Y008,1.6566201022222222,6453.0,14798.0
750,BED-S,Grp_001_BED-S_X003_Y009,1.65365656,6453.0,14811.0
750,BED-S,Grp_001_BED-S_X004_Y000,1.6492112466666664,6436.0,14698.0
750,BED-S,Grp_001_BED-S_X004_Y001,1.6323190559999996,6436.0,14710.0
750,BED-S,Grp_001_BED-S_X004_Y002,1.6566201022222222,6436.0,14723.0
750,BED-S,Grp_001_BED-S_X004_Y003,1.652174788888889,6436.0,14735.0
750,BED-S,Grp_001_BED-S_X004_Y004,1.6655107288888888,6436.0,14748.0
750,BED-S,Grp_001_BED-S_X004_Y005,1.6581018733333333,6436.0,14760.0
750,BED-S,Grp_001_BED-S_X004_Y006,1.6477294755555552,6436.0,14773.0
750,BED-S,Grp_001_BED-S_X004_Y007,1.649655778,6436.0,14786.0
750,BED-S,Grp_001_BED-S_X004_Y008,1.6506930177777777,6436.0,14798.0
750,BED-S,Grp_001_BED-S_X004_Y009,1.655138331111111,6436.0,14811.0
750,BED-S,Grp_001_BED-S_X005_Y000,1.652174788888889,6419.0,14698.0
750,BED-S,Grp_001_BED-S_X005_Y001,1.6669924999999999,6419.0,14710.0
750,BED-S,Grp_001_BED-S_X005_Y002,1.6506930177777777,6419.0,14723.0
750,BED-S,Grp_001_BED-S_X005_Y003,1.643284162222222,6419.0,14735.0
750,BED-S,Grp_001_BED-S_X005_Y004,1.6566201022222222,6419.0,14748.0
750,BED-S,Grp_001_BED-S_X005_Y005,1.6536565599999997,6419.0,14760.0
750,BED-S,Grp_001_BED-S_X005_Y006,1.6669924999999999,6419.0,14773.0
750,BED-S,Grp_001_BED-S_X005_Y007,1.6610654155555555,6419.0,14786.0
750,BED-S,Grp_001_BED-S_X005_Y008,1.6456549959999998,6419.0,14798.0
750,BED-S,Grp_001_BED-S_X005_Y009,1.6358753066666667,6419.0,14811.0
750,BED-S,Grp_001_BED-S_X006_Y000,1.6506930177777777,6402.0,14698.0
750,BED-S,Grp_001_BED-S_X006_Y001,1.6640289577777778,6402.0,14710.0
750,BED-S,Grp_001_BED-S_X006_Y002,1.655138331111111,6402.0,14723.0
750,BED-S,Grp_001_BED-S_X006_Y003,1.6477294755555556,6402.0,14735.0
750,BED-S,Grp_001_BED-S_X006_Y004,1.6462477044444443,6402.0,14748.0
750,BED-S,Grp_001_BED-S_X006_Y005,1.6581018733333335,6402.0,14760.0
750,BED-S,Grp_001_BED-S_X006_Y006,1.6669925,6402.0,14773.0
750,BED-S,Grp_001_BED-S_X006_Y007,1.6506930177777777,6402.0,14786.0
750,BED-S,Grp_001_BED-S_X006_Y008,1.65365656,6403.0,14798.0
750,BED-S,Grp_001_BED-S_X006_Y009,1.645654996,6402.0,14811.0
750,BED-S,Grp_001_BED-S_X007_Y000,1.6447659333333333,6385.0,14698.0
750,BED-S,Grp_001_BED-S_X007_Y001,1.6610654155555553,6385.0,14710.0
750,BED-S,Grp_001_BED-S_X007_Y002,1.6506930177777777,6385.0,14723.0
750,BED-S,Grp_001_BED-S_X007_Y003,1.652174788888889,6385.0,14735.0
750,BED-S,Grp_001_BED-S_X007_Y004,1.6521747888888887,6386.0,14748.0
750,BED-S,Grp_001_BED-S_X007_Y005,1.6462477044444443,6385.0,14760.0
750,BED-S,Grp_001_BED-S_X007_Y006,1.6566201022222222,6386.0,14773.0
750,BED-S,Grp_001_BED-S_X007_Y007,1.6506930177777777,6385.0,14786.0
750,BED-S,Grp_001_BED-S_X007_Y008,1.649655778,6386.0,14798.0
750,BED-S,Grp_001_BED-S_X007_Y009,1.665510728888889,6386.0,14811.0
750,BED-S,Grp_001_BED-S_X008_Y000,1.6655107288888888,6368.0,14698.0
750,BED-S,Grp_001_BED-S_X008_Y001,1.6669925,6368.0,14710.0
750,BED-S,Grp_001_BED-S_X008_Y002,1.6462477044444443,6369.0,14723.0
750,BED-S,Grp_001_BED-S_X008_Y003,1.6509893719999997,6368.0,14735.0
750,BED-S,Grp_001_BED-S_X008_Y004,1.65365656,6369.0,14748.0
750,BED-S,Grp_001_BED-S_X008_Y005,1.644765933333333,6369.0,14760.0
750,BED-S,Grp_001_BED-S_X008_Y006,1.65365656,6369.0,14773.0
750,BED-S,Grp_001_BED-S_X008_Y007,1.655138331111111,6369.0,14786.0
750,BED-S,Grp_001_BED-S_X008_Y008,1.6581018733333335,6369.0,14798.0
750,BED-S,Grp_001_BED-S_X008_Y009,1.6684742711111111,6369.0,14811.0
750,BED-S,Grp_001_BED-S_X009_Y000,1.6595836444444445,6352.0,14698.0
750,BED-S,Grp_001_BED-S_X009_Y001,1.6699560422222222,6352.0,14710.0
750,BED-S,Grp_001_BED-S_X009_Y002,1.6643253119999997,6352.0,14723.0
750,BED-S,Grp_001_BED-S_X009_Y003,1.6536565599999997,6352.0,14735.0
750,BED-S,Grp_001_BED-S_X009_Y004,1.65365656,6352.0,14748.0
750,BED-S,Grp_001_BED-S_X009_Y005,1.6566201022222222,6352.0,14760.0
750,BED-S,Grp_001_BED-S_X009_Y006,1.6462477044444443,6352.0,14773.0
750,BED-S,Grp_001_BED-S_X009_Y007,1.6358753066666667,6352.0,14786.0
750,BED-S,Grp_001_BED-S_X009_Y008,1.6521747888888887,6352.0,14798.0
750,BED-S,Grp_001_BED-S_X009_Y009,1.6581018733333335,6352.0,14811.0
500,SED,Grp_001_SED_X000_Y000,1.6729195844444442,6546.0,14666.0
500,SED,Grp_001_SED_X000_Y001,1.6655107288888888,6546.0,14679.0
500,SED,Grp_001_SED_X000_Y002,1.6563237479999997,6546.0,14692.0
500,SED,Grp_001_SED_X000_Y003,1.662991718,6546.0,14704.0
500,SED,Grp_001_SED_X000_Y004,1.668474271111111,6546.0,14717.0
500,SED,Grp_001_SED_X000_Y005,1.6581018733333333,6546.0,14729.0
500,SED,Grp_001_SED_X000_Y006,1.6536565599999997,6546.0,14742.0
500,SED,Grp_001_SED_X000_Y007,1.6595836444444443,6546.0,14754.0
500,SED,Grp_001_SED_X000_Y008,1.6862555244444444,6546.0,14767.0
500,SED,Grp_001_SED_X000_Y009,1.662991718,6546.0,14779.0
500,SED,Grp_001_SED_X000_Y010,1.6469885899999999,6546.0,14792.0
500,SED,Grp_001_SED_X000_Y011,1.6373570777777777,6546.0,14804.0
500,SED,Grp_001_SED_X000_Y012,1.655138331111111,6546.0,14817.0
500,SED,Grp_001_SED_X000_Y013,1.641802391111111,6546.0,14829.0
500,SED,Grp_001_SED_X000_Y014,1.6506930177777779,6546.0,14842.0
500,SED,Grp_001_SED_X001_Y000,1.6699560422222222,6529.0,14666.0
500,SED,Grp_001_SED_X001_Y001,1.6803284399999998,6529.0,14679.0
500,SED,Grp_001_SED_X001_Y002,1.661658124,6529.0,14691.0
500,SED,Grp_001_SED_X001_Y003,1.6509893719999997,6529.0,14704.0
500,SED,Grp_001_SED_X001_Y004,1.6509893719999997,6529.0,14716.0
500,SED,Grp_001_SED_X001_Y005,1.6714378133333332,6529.0,14729.0
500,SED,Grp_001_SED_X001_Y006,1.6566201022222222,6529.0,14742.0
500,SED,Grp_001_SED_X001_Y007,1.6462477044444443,6529.0,14754.0
500,SED,Grp_001_SED_X001_Y008,1.6699560422222222,6529.0,14767.0
500,SED,Grp_001_SED_X001_Y009,1.6610654155555555,6529.0,14779.0
500,SED,Grp_001_SED_X001_Y010,1.6576573419999998,6529.0,14792.0
500,SED,Grp_001_SED_X001_Y011,1.645654996,6530.0,14804.0
500,SED,Grp_001_SED_X001_Y012,1.638987026,6529.0,14817.0
500,SED,Grp_001_SED_X001_Y013,1.65365656,6529.0,14829.0
500,SED,Grp_001_SED_X001_Y014,1.6477294755555556,6529.0,14842.0
500,SED,Grp_001_SED_X002_Y000,1.6610654155555555,6512.0,14666.0
500,SED,Grp_001_SED_X002_Y001,1.6684742711111111,6512.0,14679.0
500,SED,Grp_001_SED_X002_Y002,1.6788466688888888,6512.0,14691.0
500,SED,Grp_001_SED_X002_Y003,1.6696596879999999,6512.0,14704.0
500,SED,Grp_001_SED_X002_Y004,1.645654996,6512.0,14717.0
500,SED,Grp_001_SED_X002_Y005,1.643284162222222,6512.0,14729.0
500,SED,Grp_001_SED_X002_Y006,1.6625471866666666,6512.0,14742.0
500,SED,Grp_001_SED_X002_Y007,1.6640289577777776,6512.0,14754.0
500,SED,Grp_001_SED_X002_Y008,1.6536565599999997,6512.0,14767.0
500,SED,Grp_001_SED_X002_Y009,1.6506930177777777,6513.0,14779.0
500,SED,Grp_001_SED_X002_Y010,1.668474271111111,6512.0,14792.0
500,SED,Grp_001_SED_X002_Y011,1.6669924999999999,6513.0,14804.0
500,SED,Grp_001_SED_X002_Y012,1.645654996,6512.0,14817.0
500,SED,Grp_001_SED_X002_Y013,1.6388388488888888,6513.0,14829.0
500,SED,Grp_001_SED_X002_Y014,1.6595836444444445,6512.0,14842.0
500,SED,Grp_001_SED_X003_Y000,1.6729195844444442,6495.0,14666.0
500,SED,Grp_001_SED_X003_Y001,1.5986458074999998,6495.0,14679.0
500,SED,Grp_001_SED_X003_Y002,1.6581018733333333,6495.0,14691.0
500,SED,Grp_001_SED_X003_Y003,1.6788466688888886,6496.0,14704.0
500,SED,Grp_001_SED_X003_Y004,1.672326876,6495.0,14717.0
500,SED,Grp_001_SED_X003_Y005,1.645654996,6496.0,14729.0
500,SED,Grp_001_SED_X003_Y006,1.665510728888889,6495.0,14742.0
500,SED,Grp_001_SED_X003_Y007,1.6551383311111112,6496.0,14754.0
500,SED,Grp_001_SED_X003_Y008,1.6595836444444443,6495.0,14767.0
500,SED,Grp_001_SED_X003_Y009,1.6506930177777777,6496.0,14779.0
500,SED,Grp_001_SED_X003_Y010,1.6506930177777779,6495.0,14792.0
500,SED,Grp_001_SED_X003_Y011,1.6595836444444445,6496.0,14804.0
500,SED,Grp_001_SED_X003_Y012,1.662991718,6495.0,14817.0
500,SED,Grp_001_SED_X003_Y013,1.648322184,6496.0,14829.0
500,SED,Grp_001_SED_X003_Y014,1.6509893719999997,6495.0,14842.0
500,SED,Grp_001_SED_X004_Y000,1.6921826088888887,6478.0,14666.0
500,SED,Grp_001_SED_X004_Y001,1.6699560422222222,6479.0,14679.0
500,SED,Grp_001_SED_X004_Y002,1.6595836444444445,6478.0,14691.0
500,SED,Grp_001_SED_X004_Y003,1.6610654155555555,6479.0,14704.0
500,SED,Grp_001_SED_X004_Y004,1.6566201022222222,6478.0,14717.0
500,SED,Grp_001_SED_X004_Y005,1.6749940639999998,6479.0,14729.0
500,SED,Grp_001_SED_X004_Y006,1.649655778,6478.0,14742.0
500,SED,Grp_001_SED_X004_Y007,1.645654996,6479.0,14754.0
500,SED,Grp_001_SED_X004_Y008,1.6640289577777778,6478.0,14767.0
500,SED,Grp_001_SED_X004_Y009,1.6610654155555555,6479.0,14779.0
500,SED,Grp_001_SED_X004_Y010,1.6492112466666666,6478.0,14792.0
500,SED,Grp_001_SED_X004_Y011,1.6447659333333333,6479.0,14804.0
500,SED,Grp_001_SED_X004_Y012,1.6566201022222222,6479.0,14817.0
500,SED,Grp_001_SED_X004_Y013,1.658990936,6479.0,14829.0
500,SED,Grp_001_SED_X004_Y014,1.645654996,6478.0,14842.0
500,SED,Grp_001_SED_X005_Y000,1.6655107288888886,6461.0,14666.0
500,SED,Grp_001_SED_X005_Y001,1.654990154,6462.0,14679.0
500,SED,Grp_001_SED_X005_Y002,1.665510728888889,6461.0,14691.0
500,SED,Grp_001_SED_X005_Y003,1.6610654155555555,6462.0,14704.0
500,SED,Grp_001_SED_X005_Y004,1.6566201022222222,6461.0,14717.0
500,SED,Grp_001_SED_X005_Y005,1.6803284399999998,6462.0,14729.0
500,SED,Grp_001_SED_X005_Y006,1.6563237479999997,6461.0,14742.0
500,SED,Grp_001_SED_X005_Y007,1.658990936,6462.0,14754.0
500,SED,Grp_001_SED_X005_Y008,1.641802391111111,6461.0,14767.0
500,SED,Grp_001_SED_X005_Y009,1.6506930177777777,6462.0,14779.0
500,SED,Grp_001_SED_X005_Y010,1.6640289577777776,6462.0,14792.0
500,SED,Grp_001_SED_X005_Y011,1.6492112466666664,6462.0,14804.0
500,SED,Grp_001_SED_X005_Y012,1.652174788888889,6462.0,14817.0
500,SED,Grp_001_SED_X005_Y013,1.6640289577777776,6462.0,14829.0
500,SED,Grp_001_SED_X005_Y014,1.6563237479999997,6462.0,14842.0
500,SED,Grp_001_SED_X006_Y000,1.661658124,6444.0,14667.0
500,SED,Grp_001_SED_X006_Y001,1.662991718,6445.0,14679.0
500,SED,Grp_001_SED_X006_Y002,1.6699560422222222,6444.0,14691.0
500,SED,Grp_001_SED_X006_Y003,1.6803284399999998,6445.0,14704.0
500,SED,Grp_001_SED_X006_Y004,1.6595836444444445,6444.0,14717.0
500,SED,Grp_001_SED_X006_Y005,1.6625471866666663,6445.0,14729.0
500,SED,Grp_001_SED_X006_Y006,1.652174788888889,6444.0,14742.0
500,SED,Grp_001_SED_X006_Y007,1.6388388488888888,6445.0,14754.0
500,SED,Grp_001_SED_X006_Y008,1.658990936,6445.0,14767.0
500,SED,Grp_001_SED_X006_Y009,1.6329117644444444,6445.0,14779.0
500,SED,Grp_001_SED_X006_Y010,1.6581018733333333,6445.0,14792.0
500,SED,Grp_001_SED_X006_Y011,1.6610654155555555,6445.0,14804.0
500,SED,Grp_001_SED_X006_Y012,1.6477294755555554,6445.0,14817.0
500,SED,Grp_001_SED_X006_Y013,1.644765933333333,6445.0,14830.0
500,SED,Grp_001_SED_X006_Y014,1.6566201022222222,6445.0,14842.0
500,SED,Grp_001_SED_X007_Y000,1.6640289577777778,6427.0,14667.0
500,SED,Grp_001_SED_X007_Y001,1.6563237480000002,6428.0,14679.0
500,SED,Grp_001_SED_X007_Y002,1.6523229659999998,6428.0,14691.0
500,SED,Grp_001_SED_X007_Y003,1.6699560422222222,6428.0,14704.0
500,SED,Grp_001_SED_X007_Y004,1.6640289577777778,6428.0,14717.0
500,SED,Grp_001_SED_X007_Y005,1.6551383311111112,6428.0,14729.0
500,SED,Grp_001_SED_X007_Y006,1.6595836444444445,6428.0,14742.0
500,SED,Grp_001_SED_X007_Y007,1.6506930177777777,6428.0,14754.0
500,SED,Grp_001_SED_X007_Y008,1.661658124,6428.0,14767.0
500,SED,Grp_001_SED_X007_Y009,1.649655778,6428.0,14779.0
500,SED,Grp_001_SED_X007_Y010,1.6403206199999998,6428.0,14792.0
500,SED,Grp_001_SED_X007_Y011,1.6595836444444443,6428.0,14805.0
500,SED,Grp_001_SED_X007_Y012,1.6625471866666668,6428.0,14817.0
500,SED,Grp_001_SED_X007_Y013,1.6462477044444443,6428.0,14830.0
500,SED,Grp_001_SED_X007_Y014,1.6462477044444443,6428.0,14842.0
500,SED,Grp_001_SED_X008_Y000,1.6907008377777775,6411.0,14667.0
500,SED,Grp_001_SED_X008_Y001,1.6640289577777778,6411.0,14679.0
500,SED,Grp_001_SED_X008_Y002,1.6523229659999998,6411.0,14692.0
500,SED,Grp_001_SED_X008_Y003,1.6509893719999997,6411.0,14704.0
500,SED,Grp_001_SED_X008_Y004,1.6640289577777776,6411.0,14717.0
500,SED,Grp_001_SED_X008_Y005,1.6669924999999999,6411.0,14729.0
500,SED,Grp_001_SED_X008_Y006,1.65365656,6411.0,14742.0
500,SED,Grp_001_SED_X008_Y007,1.655138331111111,6411.0,14754.0
500,SED,Grp_001_SED_X008_Y008,1.6477294755555554,6411.0,14767.0
500,SED,Grp_001_SED_X008_Y009,1.6492112466666666,6411.0,14779.0
500,SED,Grp_001_SED_X008_Y010,1.6509893719999997,6411.0,14792.0
500,SED,Grp_001_SED_X008_Y011,1.6349862439999998,6411.0,14805.0
500,SED,Grp_001_SED_X008_Y012,1.6477294755555554,6411.0,14817.0
500,SED,Grp_001_SED_X008_Y013,1.6610654155555555,6411.0,14830.0
500,SED,Grp_001_SED_X008_Y014,1.6462477044444441,6411.0,14842.0
500,SED,Grp_001_SED_X009_Y000,1.6669924999999999,6394.0,14667.0
500,SED,Grp_001_SED_X009_Y001,1.6669925,6394.0,14679.0
500,SED,Grp_001_SED_X009_Y002,1.662991718,6394.0,14692.0
500,SED,Grp_001_SED_X009_Y003,1.6669924999999999,6394.0,14704.0
500,SED,Grp_001_SED_X009_Y004,1.6477294755555554,6394.0,14717.0
500,SED,Grp_001_SED_X009_Y005,1.643284162222222,6394.0,14729.0
500,SED,Grp_001_SED_X009_Y006,1.6595836444444443,6394.0,14742.0
500,SED,Grp_001_SED_X009_Y007,1.6625471866666668,6394.0,14754.0
500,SED,Grp_001_SED_X009_Y008,1.656620102222222,6394.0,14767.0
500,SED,Grp_001_SED_X009_Y009,1.6744013555555555,6394.0,14779.0
500,SED,Grp_001_SED_X009_Y010,1.6403206199999998,6394.0,14792.0
500,SED,Grp_001_SED_X009_Y011,1.658990936,6395.0,14805.0
500,SED,Grp_001_SED_X009_Y012,1.6523229659999998,6394.0,14817.0
500,SED,Grp_001_SED_X009_Y013,1.6388388488888888,6395.0,14830.0
500,SED,Grp_001_SED_X009_Y014,1.6566201022222222,6394.0,14842.0
500,SED,Grp_001_SED_X010_Y000,1.6684742711111111,6377.0,14667.0
500,SED,Grp_001_SED_X010_Y001,1.658101873333333,6377.0,14679.0
500,SED,Grp_001_SED_X010_Y002,1.6803284399999998,6377.0,14692.0
500,SED,Grp_001_SED_X010_Y003,1.6788466688888888,6377.0,14704.0
500,SED,Grp_001_SED_X010_Y004,1.6589909359999997,6377.0,14717.0
500,SED,Grp_001_SED_X010_Y005,1.649655778,6377.0,14729.0
500,SED,Grp_001_SED_X010_Y006,1.6714378133333332,6377.0,14742.0
500,SED,Grp_001_SED_X010_Y007,1.6655107288888888,6377.0,14754.0
500,SED,Grp_001_SED_X010_Y008,1.6477294755555554,6377.0,14767.0
500,SED,Grp_001_SED_X010_Y009,1.6492112466666664,6378.0,14779.0
500,SED,Grp_001_SED_X010_Y010,1.6655107288888888,6377.0,14792.0
500,SED,Grp_001_SED_X010_Y011,1.6403206199999998,6378.0,14805.0
500,SED,Grp_001_SED_X010_Y012,1.65365656,6377.0,14817.0
500,SED,Grp_001_SED_X010_Y013,1.6509893720000002,6378.0,14830.0
500,SED,Grp_001_SED_X010_Y014,1.6299482222222221,6377.0,14842.0
500,SED,Grp_001_SED_X011_Y000,1.6729195844444442,6360.0,14667.0
500,SED,Grp_001_SED_X011_Y001,1.6669925,6360.0,14679.0
500,SED,Grp_001_SED_X011_Y002,1.656620102222222,6360.0,14692.0
500,SED,Grp_001_SED_X011_Y003,1.6581018733333333,6360.0,14704.0
500,SED,Grp_001_SED_X011_Y004,1.669659688,6360.0,14717.0
500,SED,Grp_001_SED_X011_Y005,1.676327658,6361.0,14729.0
500,SED,Grp_001_SED_X011_Y006,1.6549901539999996,6360.0,14742.0
500,SED,Grp_001_SED_X011_Y007,1.6576573419999998,6361.0,14754.0
500,SED,Grp_001_SED_X011_Y008,1.6610654155555555,6360.0,14767.0
500,SED,Grp_001_SED_X011_Y009,1.6581018733333335,6361.0,14779.0
500,SED,Grp_001_SED_X011_Y010,1.6521747888888887,6360.0,14792.0
500,SED,Grp_001_SED_X011_Y011,1.6669924999999999,6361.0,14805.0
500,SED,Grp_001_SED_X011_Y012,1.6581018733333335,6360.0,14817.0
500,SED,Grp_001_SED_X011_Y013,1.65365656,6361.0,14830.0
500,SED,Grp_001_SED_X011_Y014,1.6429878079999998,6360.0,14842.0
500,SED,Grp_001_SED_X012_Y000,1.6699560422222222,6343.0,14667.0
500,SED,Grp_001_SED_X012_Y001,1.6758831266666665,6344.0,14679.0
500,SED,Grp_001_SED_X012_Y002,1.6640289577777776,6343.0,14692.0
500,SED,Grp_001_SED_X012_Y003,1.6566201022222222,6344.0,14704.0
500,SED,Grp_001_SED_X012_Y004,1.6773648977777778,6343.0,14717.0
500,SED,Grp_001_SED_X012_Y005,1.6773648977777778,6344.0,14729.0
500,SED,Grp_001_SED_X012_Y006,1.6549901539999996,6343.0,14742.0
500,SED,Grp_001_SED_X012_Y007,1.6523229659999998,6344.0,14754.0
500,SED,Grp_001_SED_X012_Y008,1.6373570777777777,6343.0,14767.0
500,SED,Grp_001_SED_X012_Y009,1.6610654155555555,6344.0,14779.0
500,SED,Grp_001_SED_X012_Y010,1.6506930177777777,6343.0,14792.0
500,SED,Grp_001_SED_X012_Y011,1.6358753066666667,6344.0,14805.0
500,SED,Grp_001_SED_X012_Y012,1.6595836444444443,6343.0,14817.0
500,SED,Grp_001_SED_X012_Y013,1.636319838,6344.0,14830.0
500,SED,Grp_001_SED_X012_Y014,1.658990936,6344.0,14842.0
500,SED,Grp_001_SED_X013_Y000,1.654990154,6326.0,14667.0
500,SED,Grp_001_SED_X013_Y001,1.644765933333333,6327.0,14679.0
500,SED,Grp_001_SED_X013_Y002,1.665510728888889,6326.0,14692.0
500,SED,Grp_001_SED_X013_Y003,1.6655107288888888,6327.0,14704.0
500,SED,Grp_001_SED_X013_Y004,1.65365656,6326.0,14717.0
500,SED,Grp_001_SED_X013_Y005,1.656620102222222,6327.0,14729.0
500,SED,Grp_001_SED_X013_Y006,1.6684742711111111,6326.0,14742.0
500,SED,Grp_001_SED_X013_Y007,1.66032453,6327.0,14754.0
500,SED,Grp_001_SED_X013_Y008,1.6563237479999997,6327.0,14767.0
500,SED,Grp_001_SED_X013_Y009,1.6509893719999997,6327.0,14779.0
500,SED,Grp_001_SED_X013_Y010,1.6566201022222222,6327.0,14792.0
500,SED,Grp_001_SED_X013_Y011,1.652174788888889,6327.0,14805.0
500,SED,Grp_001_SED_X013_Y012,1.641802391111111,6327.0,14817.0
500,SED,Grp_001_SED_X013_Y013,1.6447659333333333,6327.0,14830.0
500,SED,Grp_001_SED_X013_Y014,1.6581018733333335,6327.0,14842.0
500,SED,Grp_001_SED_X014_Y000,1.685662816,6309.0,14667.0
500,SED,Grp_001_SED_X014_Y001,1.658990936,6310.0,14679.0
500,SED,Grp_001_SED_X014_Y002,1.6456549959999998,6309.0,14692.0
500,SED,Grp_001_SED_X014_Y003,1.6699560422222222,6310.0,14704.0
500,SED,Grp_001_SED_X014_Y004,1.6669924999999999,6309.0,14717.0
500,SED,Grp_001_SED_X014_Y005,1.656620102222222,6310.0,14730.0
500,SED,Grp_001_SED_X014_Y006,1.652174788888889,6310.0,14742.0
500,SED,Grp_001_SED_X014_Y007,1.672326876,6310.0,14755.0
500,SED,Grp_001_SED_X014_Y008,1.6656589060000002,6310.0,14767.0
500,SED,Grp_001_SED_X014_Y009,1.649655778,6310.0,14780.0
500,SED,Grp_001_SED_X014_Y010,1.637653432,6310.0,14792.0
500,SED,Grp_001_SED_X014_Y011,1.6566201022222222,6310.0,14805.0
500,SED,Grp_001_SED_X014_Y012,1.6581018733333333,6310.0,14817.0
500,SED,Grp_001_SED_X014_Y013,2.3337895,6310.0,14830.0
500,SED,Grp_001_SED_X014_Y014,1.6418023911111108,6310.0,14842.0
500,BED-S,Grp_001_BED-S_X000_Y000,1.65365656,6546.0,14666.0
500,BED-S,Grp_001_BED-S_X000_Y001,1.6521747888888887,6546.0,14679.0
500,BED-S,Grp_001_BED-S_X000_Y002,1.6506930177777774,6546.0,14691.0
500,BED-S,Grp_001_BED-S_X000_Y003,1.6506930177777777,6546.0,14704.0
500,BED-S,Grp_001_BED-S_X000_Y004,1.6477294755555554,6546.0,14716.0
500,BED-S,Grp_001_BED-S_X000_Y005,1.652174788888889,6546.0,14729.0
500,BED-S,Grp_001_BED-S_X000_Y006,1.65365656,6546.0,14742.0
500,BED-S,Grp_001_BED-S_X000_Y007,1.6509893719999997,6546.0,14754.0
500,BED-S,Grp_001_BED-S_X000_Y008,1.6749940639999998,6546.0,14767.0
500,BED-S,Grp_001_BED-S_X000_Y009,1.6462477044444443,6546.0,14779.0
500,BED-S,Grp_001_BED-S_X000_Y010,1.6506930177777779,6546.0,14792.0
500,BED-S,Grp_001_BED-S_X000_Y011,1.6462477044444443,6546.0,14804.0
500,BED-S,Grp_001_BED-S_X000_Y012,1.6521747888888887,6546.0,14817.0
500,BED-S,Grp_001_BED-S_X000_Y013,1.6521747888888887,6546.0,14829.0
500,BED-S,Grp_001_BED-S_X000_Y014,1.6714378133333332,6546.0,14842.0
500,BED-S,Grp_001_BED-S_X001_Y000,1.6669925,6529.0,14666.0
500,BED-S,Grp_001_BED-S_X001_Y001,1.655138331111111,6529.0,14679.0
500,BED-S,Grp_001_BED-S_X001_Y002,1.6492112466666664,6529.0,14691.0
500,BED-S,Grp_001_BED-S_X001_Y003,1.6492112466666664,6529.0,14704.0
500,BED-S,Grp_001_BED-S_X001_Y004,1.6462477044444441,6529.0,14716.0
500,BED-S,Grp_001_BED-S_X001_Y005,1.644765933333333,6529.0,14729.0
500,BED-S,Grp_001_BED-S_X001_Y006,1.652174788888889,6529.0,14742.0
500,BED-S,Grp_001_BED-S_X001_Y007,1.6566201022222222,6529.0,14754.0
500,BED-S,Grp_001_BED-S_X001_Y008,1.6416542140000001,6529.0,14767.0
500,BED-S,Grp_001_BED-S_X001_Y009,1.644765933333333,6529.0,14779.0
500,BED-S,Grp_001_BED-S_X001_Y010,1.6477294755555554,6529.0,14792.0
500,BED-S,Grp_001_BED-S_X001_Y011,1.6477294755555554,6529.0,14804.0
500,BED-S,Grp_001_BED-S_X001_Y012,1.641802391111111,6529.0,14817.0
500,BED-S,Grp_001_BED-S_X001_Y013,1.6329117644444444,6529.0,14829.0
500,BED-S,Grp_001_BED-S_X001_Y014,1.6432841622222218,6529.0,14842.0
500,BED-S,Grp_001_BED-S_X002_Y000,1.6699560422222222,6512.0,14666.0
500,BED-S,Grp_001_BED-S_X002_Y001,1.6684742711111111,6512.0,14679.0
500,BED-S,Grp_001_BED-S_X002_Y002,1.6566201022222222,6512.0,14691.0
500,BED-S,Grp_001_BED-S_X002_Y003,1.6581018733333335,6512.0,14704.0
500,BED-S,Grp_001_BED-S_X002_Y004,1.6595836444444443,6512.0,14717.0
500,BED-S,Grp_001_BED-S_X002_Y005,1.6053137774999997,6512.0,14729.0
500,BED-S,Grp_001_BED-S_X002_Y006,1.641802391111111,6512.0,14742.0
500,BED-S,Grp_001_BED-S_X002_Y007,1.6403206199999998,6512.0,14754.0
500,BED-S,Grp_001_BED-S_X002_Y008,1.6625471866666666,6512.0,14767.0
500,BED-S,Grp_001_BED-S_X002_Y009,1.64032062,6512.0,14779.0
500,BED-S,Grp_001_BED-S_X002_Y010,1.6506930177777777,6512.0,14792.0
500,BED-S,Grp_001_BED-S_X002_Y011,1.643284162222222,6512.0,14804.0
500,BED-S,Grp_001_BED-S_X002_Y012,1.6886634024999998,6513.0,14817.0
500,BED-S,Grp_001_BED-S_X002_Y013,1.6506930177777777,6512.0,14829.0
500,BED-S,Grp_001_BED-S_X002_Y014,1.6373570777777777,6513.0,14842.0
500,BED-S,Grp_001_BED-S_X003_Y000,1.6714378133333332,6495.0,14666.0
500,BED-S,Grp_001_BED-S_X003_Y001,1.6803284399999998,6495.0,14679.0
500,BED-S,Grp_001_BED-S_X003_Y002,1.6536565600000002,6495.0,14691.0
500,BED-S,Grp_001_BED-S_X003_Y003,1.6432841622222223,6495.0,14704.0
500,BED-S,Grp_001_BED-S_X003_Y004,1.632319056,6495.0,14717.0
500,BED-S,Grp_001_BED-S_X003_Y005,1.6336526499999997,6495.0,14729.0
500,BED-S,Grp_001_BED-S_X003_Y006,1.643284162222222,6495.0,14742.0
500,BED-S,Grp_001_BED-S_X003_Y007,1.6477294755555554,6495.0,14754.0
500,BED-S,Grp_001_BED-S_X003_Y008,1.65365656,6495.0,14767.0
500,BED-S,Grp_001_BED-S_X003_Y009,1.6521747888888887,6495.0,14779.0
500,BED-S,Grp_001_BED-S_X003_Y010,1.6416542140000001,6496.0,14792.0
500,BED-S,Grp_001_BED-S_X003_Y011,1.645654996,6496.0,14804.0
500,BED-S,Grp_001_BED-S_X003_Y012,1.6447659333333333,6496.0,14817.0
500,BED-S,Grp_001_BED-S_X003_Y013,1.655138331111111,6496.0,14829.0
500,BED-S,Grp_001_BED-S_X003_Y014,1.6462477044444443,6496.0,14842.0
500,BED-S,Grp_001_BED-S_X004_Y000,1.6566201022222222,6478.0,14666.0
500,BED-S,Grp_001_BED-S_X004_Y001,1.6536565600000002,6478.0,14679.0
500,BED-S,Grp_001_BED-S_X004_Y002,1.648322184,6478.0,14691.0
500,BED-S,Grp_001_BED-S_X004_Y003,1.6610654155555555,6478.0,14704.0
500,BED-S,Grp_001_BED-S_X004_Y004,1.6462477044444443,6478.0,14717.0
500,BED-S,Grp_001_BED-S_X004_Y005,1.6284664511111109,6478.0,14729.0
500,BED-S,Grp_001_BED-S_X004_Y006,1.6506930177777774,6479.0,14742.0
500,BED-S,Grp_001_BED-S_X004_Y007,1.6462477044444441,6478.0,14754.0
500,BED-S,Grp_001_BED-S_X004_Y008,1.6403206199999998,6479.0,14767.0
500,BED-S,Grp_001_BED-S_X004_Y009,1.6240211377777778,6479.0,14779.0
500,BED-S,Grp_001_BED-S_X004_Y010,1.6443214019999999,6479.0,14792.0
500,BED-S,Grp_001_BED-S_X004_Y011,1.645654996,6479.0,14804.0
500,BED-S,Grp_001_BED-S_X004_Y012,1.6551383311111107,6479.0,14817.0
500,BED-S,Grp_001_BED-S_X004_Y013,1.641802391111111,6479.0,14829.0
500,BED-S,Grp_001_BED-S_X004_Y014,1.6477294755555554,6479.0,14842.0
500,BED-S,Grp_001_BED-S_X005_Y000,1.6581018733333333,6461.0,14666.0
500,BED-S,Grp_001_BED-S_X005_Y001,1.6566201022222222,6461.0,14679.0
500,BED-S,Grp_001_BED-S_X005_Y002,1.6736604699999997,6462.0,14691.0
500,BED-S,Grp_001_BED-S_X005_Y003,1.655138331111111,6462.0,14704.0
500,BED-S,Grp_001_BED-S_X005_Y004,1.6576573419999998,6462.0,14717.0
500,BED-S,Grp_001_BED-S_X005_Y005,1.648322184,6462.0,14729.0
500,BED-S,Grp_001_BED-S_X005_Y006,1.6477294755555554,6462.0,14742.0
500,BED-S,Grp_001_BED-S_X005_Y007,1.6240211377777778,6462.0,14754.0
500,BED-S,Grp_001_BED-S_X005_Y008,1.644765933333333,6462.0,14767.0
500,BED-S,Grp_001_BED-S_X005_Y009,1.534966694,6462.0,14779.0
500,BED-S,Grp_001_BED-S_X005_Y010,1.6462477044444443,6462.0,14792.0
500,BED-S,Grp_001_BED-S_X005_Y011,1.6432841622222218,6462.0,14804.0
500,BED-S,Grp_001_BED-S_X005_Y012,1.6429878079999998,6462.0,14817.0
500,BED-S,Grp_001_BED-S_X005_Y013,1.64032062,6462.0,14829.0
500,BED-S,Grp_001_BED-S_X005_Y014,1.6462477044444443,6462.0,14842.0
500,BED-S,Grp_001_BED-S_X006_Y000,1.678846668888889,6445.0,14667.0
500,BED-S,Grp_001_BED-S_X006_Y001,1.652174788888889,6445.0,14679.0
500,BED-S,Grp_001_BED-S_X006_Y002,1.6788466688888888,6445.0,14691.0
500,BED-S,Grp_001_BED-S_X006_Y003,1.6492112466666666,6445.0,14704.0
500,BED-S,Grp_001_BED-S_X006_Y004,1.64698859,6445.0,14717.0
500,BED-S,Grp_001_BED-S_X006_Y005,1.6595836444444443,6445.0,14729.0
500,BED-S,Grp_001_BED-S_X006_Y006,1.644765933333333,6445.0,14742.0
500,BED-S,Grp_001_BED-S_X006_Y007,1.668326094,6445.0,14754.0
500,BED-S,Grp_001_BED-S_X006_Y008,1.6343935355555557,6445.0,14767.0
500,BED-S,Grp_001_BED-S_X006_Y009,1.6521747888888887,6445.0,14779.0
500,BED-S,Grp_001_BED-S_X006_Y010,1.6373570777777777,6445.0,14792.0
500,BED-S,Grp_001_BED-S_X006_Y011,1.6329117644444446,6445.0,14804.0
500,BED-S,Grp_001_BED-S_X006_Y012,1.6349862439999998,6445.0,14817.0
500,BED-S,Grp_001_BED-S_X006_Y013,1.6462477044444441,6445.0,14830.0
500,BED-S,Grp_001_BED-S_X006_Y014,1.6492112466666666,6445.0,14842.0
500,BED-S,Grp_001_BED-S_X007_Y000,1.6506930177777777,6428.0,14667.0
500,BED-S,Grp_001_BED-S_X007_Y001,1.6462477044444443,6428.0,14679.0
500,BED-S,Grp_001_BED-S_X007_Y002,1.6418023911111108,6428.0,14691.0
500,BED-S,Grp_001_BED-S_X007_Y003,1.6003127999999998,6428.0,14704.0
500,BED-S,Grp_001_BED-S_X007_Y004,1.652174788888889,6428.0,14717.0
500,BED-S,Grp_001_BED-S_X007_Y005,1.6343935355555554,6428.0,14729.0
500,BED-S,Grp_001_BED-S_X007_Y006,1.6610654155555555,6428.0,14742.0
500,BED-S,Grp_001_BED-S_X007_Y007,1.648322184,6428.0,14754.0
500,BED-S,Grp_001_BED-S_X007_Y008,1.6462477044444443,6428.0,14767.0
500,BED-S,Grp_001_BED-S_X007_Y009,1.6521747888888887,6428.0,14779.0
500,BED-S,Grp_001_BED-S_X007_Y010,1.652174788888889,6428.0,14792.0
500,BED-S,Grp_001_BED-S_X007_Y011,1.6506930177777777,6428.0,14805.0
500,BED-S,Grp_001_BED-S_X007_Y012,1.6521747888888887,6428.0,14817.0
500,BED-S,Grp_001_BED-S_X007_Y013,1.6462477044444443,6428.0,14830.0
500,BED-S,Grp_001_BED-S_X007_Y014,1.645654996,6428.0,14842.0
500,BED-S,Grp_001_BED-S_X008_Y000,1.6640289577777778,6411.0,14667.0
500,BED-S,Grp_001_BED-S_X008_Y001,1.6509893719999997,6411.0,14679.0
500,BED-S,Grp_001_BED-S_X008_Y002,1.655138331111111,6411.0,14692.0
500,BED-S,Grp_001_BED-S_X008_Y003,1.6416542140000001,6411.0,14704.0
500,BED-S,Grp_001_BED-S_X008_Y004,1.644765933333333,6411.0,14717.0
500,BED-S,Grp_001_BED-S_X008_Y005,1.644765933333333,6411.0,14729.0
500,BED-S,Grp_001_BED-S_X008_Y006,1.645654996,6411.0,14742.0
500,BED-S,Grp_001_BED-S_X008_Y007,1.652174788888889,6411.0,14754.0
500,BED-S,Grp_001_BED-S_X008_Y008,1.6418023911111108,6411.0,14767.0
500,BED-S,Grp_001_BED-S_X008_Y009,1.64698859,6411.0,14779.0
500,BED-S,Grp_001_BED-S_X008_Y010,1.6477294755555554,6411.0,14792.0
500,BED-S,Grp_001_BED-S_X008_Y011,1.6376534319999998,6411.0,14805.0
500,BED-S,Grp_001_BED-S_X008_Y012,1.6403206199999998,6411.0,14817.0
500,BED-S,Grp_001_BED-S_X008_Y013,1.6343935355555554,6411.0,14830.0
500,BED-S,Grp_001_BED-S_X008_Y014,1.6429878079999998,6411.0,14842.0
500,BED-S,Grp_001_BED-S_X009_Y000,1.6643253119999997,6394.0,14667.0
500,BED-S,Grp_001_BED-S_X009_Y001,1.7127157228571428,6394.0,14679.0
500,BED-S,Grp_001_BED-S_X009_Y002,1.644765933333333,6394.0,14692.0
500,BED-S,Grp_001_BED-S_X009_Y003,1.6551383311111112,6394.0,14704.0
500,BED-S,Grp_001_BED-S_X009_Y004,1.6477294755555552,6394.0,14717.0
500,BED-S,Grp_001_BED-S_X009_Y005,1.6477294755555554,6394.0,14729.0
500,BED-S,Grp_001_BED-S_X009_Y006,1.6551383311111112,6394.0,14742.0
500,BED-S,Grp_001_BED-S_X009_Y007,1.6521747888888887,6394.0,14754.0
500,BED-S,Grp_001_BED-S_X009_Y008,1.6373570777777777,6394.0,14767.0
500,BED-S,Grp_001_BED-S_X009_Y009,1.65365656,6394.0,14779.0
500,BED-S,Grp_001_BED-S_X009_Y010,1.6376534319999998,6394.0,14792.0
500,BED-S,Grp_001_BED-S_X009_Y011,1.6492112466666666,6394.0,14805.0
500,BED-S,Grp_001_BED-S_X009_Y012,1.6492112466666664,6394.0,14817.0
500,BED-S,Grp_001_BED-S_X009_Y013,1.643284162222222,6394.0,14830.0
500,BED-S,Grp_001_BED-S_X009_Y014,1.6492112466666664,6394.0,14842.0
500,BED-S,Grp_001_BED-S_X010_Y000,1.6625471866666666,6377.0,14667.0
500,BED-S,Grp_001_BED-S_X010_Y001,1.6669924999999999,6377.0,14679.0
500,BED-S,Grp_001_BED-S_X010_Y002,1.6492112466666664,6377.0,14692.0
500,BED-S,Grp_001_BED-S_X010_Y003,1.649655778,6377.0,14704.0
500,BED-S,Grp_001_BED-S_X010_Y004,1.65365656,6377.0,14717.0
500,BED-S,Grp_001_BED-S_X010_Y005,1.6403206199999998,6377.0,14729.0
500,BED-S,Grp_001_BED-S_X010_Y006,1.641802391111111,6377.0,14742.0
500,BED-S,Grp_001_BED-S_X010_Y007,1.652174788888889,6377.0,14754.0
500,BED-S,Grp_001_BED-S_X010_Y008,1.638987026,6377.0,14767.0
500,BED-S,Grp_001_BED-S_X010_Y009,1.641802391111111,6377.0,14779.0
500,BED-S,Grp_001_BED-S_X010_Y010,1.6581018733333333,6377.0,14792.0
500,BED-S,Grp_001_BED-S_X010_Y011,1.6376534319999998,6377.0,14805.0
500,BED-S,Grp_001_BED-S_X010_Y012,1.6329117644444444,6378.0,14817.0
500,BED-S,Grp_001_BED-S_X010_Y013,1.644765933333333,6377.0,14830.0
500,BED-S,Grp_001_BED-S_X010_Y014,1.6477294755555554,6378.0,14842.0
500,BED-S,Grp_001_BED-S_X011_Y000,1.652174788888889,6360.0,14667.0
500,BED-S,Grp_001_BED-S_X011_Y001,1.65365656,6360.0,14679.0
500,BED-S,Grp_001_BED-S_X011_Y002,1.6576573420000003,6360.0,14692.0
500,BED-S,Grp_001_BED-S_X011_Y003,1.6536565599999997,6360.0,14704.0
500,BED-S,Grp_001_BED-S_X011_Y004,1.6389870260000001,6360.0,14717.0
500,BED-S,Grp_001_BED-S_X011_Y005,1.645654996,6360.0,14729.0
500,BED-S,Grp_001_BED-S_X011_Y006,1.6477294755555556,6360.0,14742.0
500,BED-S,Grp_001_BED-S_X011_Y007,1.6323190559999996,6360.0,14754.0
500,BED-S,Grp_001_BED-S_X011_Y008,1.6506930177777777,6360.0,14767.0
500,BED-S,Grp_001_BED-S_X011_Y009,1.643284162222222,6360.0,14779.0
500,BED-S,Grp_001_BED-S_X011_Y010,1.6416542139999997,6361.0,14792.0
500,BED-S,Grp_001_BED-S_X011_Y011,1.6521747888888887,6361.0,14805.0
500,BED-S,Grp_001_BED-S_X011_Y012,1.6492112466666664,6361.0,14817.0
500,BED-S,Grp_001_BED-S_X011_Y013,1.6643253119999997,6361.0,14830.0
500,BED-S,Grp_001_BED-S_X011_Y014,1.6388388488888888,6361.0,14842.0
500,BED-S,Grp_001_BED-S_X012_Y000,1.656620102222222,6343.0,14667.0
500,BED-S,Grp_001_BED-S_X012_Y001,1.6492112466666666,6343.0,14679.0
500,BED-S,Grp_001_BED-S_X012_Y002,1.6610654155555555,6343.0,14692.0
500,BED-S,Grp_001_BED-S_X012_Y003,1.6506930177777777,6343.0,14704.0
500,BED-S,Grp_001_BED-S_X012_Y004,1.6477294755555554,6344.0,14717.0
500,BED-S,Grp_001_BED-S_X012_Y005,1.656620102222222,6343.0,14729.0
500,BED-S,Grp_001_BED-S_X012_Y006,1.6269846799999998,6344.0,14742.0
500,BED-S,Grp_001_BED-S_X012_Y007,1.65365656,6344.0,14754.0
500,BED-S,Grp_001_BED-S_X012_Y008,1.6506930177777779,6344.0,14767.0
500,BED-S,Grp_001_BED-S_X012_Y009,1.6886634024999998,6344.0,14779.0
500,BED-S,Grp_001_BED-S_X012_Y010,1.652174788888889,6344.0,14792.0
500,BED-S,Grp_001_BED-S_X012_Y011,1.6358753066666667,6344.0,14805.0
500,BED-S,Grp_001_BED-S_X012_Y012,1.644765933333333,6344.0,14817.0
500,BED-S,Grp_001_BED-S_X012_Y013,1.638987026,6344.0,14830.0
500,BED-S,Grp_001_BED-S_X012_Y014,1.632319056,6344.0,14842.0
500,BED-S,Grp_001_BED-S_X013_Y000,1.6536565599999997,6326.0,14667.0
500,BED-S,Grp_001_BED-S_X013_Y001,1.6551383311111112,6326.0,14679.0
500,BED-S,Grp_001_BED-S_X013_Y002,1.6492112466666664,6326.0,14692.0
500,BED-S,Grp_001_BED-S_X013_Y003,1.6477294755555554,6326.0,14704.0
500,BED-S,Grp_001_BED-S_X013_Y004,1.6416542140000001,6327.0,14717.0
500,BED-S,Grp_001_BED-S_X013_Y005,1.6492112466666666,6327.0,14729.0
500,BED-S,Grp_001_BED-S_X013_Y006,1.643284162222222,6327.0,14742.0
500,BED-S,Grp_001_BED-S_X013_Y007,1.6443214019999999,6327.0,14754.0
500,BED-S,Grp_001_BED-S_X013_Y008,1.6506930177777777,6327.0,14767.0
500,BED-S,Grp_001_BED-S_X013_Y009,1.6296518679999998,6327.0,14779.0
500,BED-S,Grp_001_BED-S_X013_Y010,1.644765933333333,6327.0,14792.0
500,BED-S,Grp_001_BED-S_X013_Y011,1.6462477044444443,6327.0,14805.0
500,BED-S,Grp_001_BED-S_X013_Y012,1.637653432,6327.0,14817.0
500,BED-S,Grp_001_BED-S_X013_Y013,1.644765933333333,6327.0,14830.0
500,BED-S,Grp_001_BED-S_X013_Y014,1.6373570777777777,6327.0,14842.0
500,BED-S,Grp_001_BED-S_X014_Y000,1.6416542140000001,6310.0,14667.0
500,BED-S,Grp_001_BED-S_X014_Y001,1.6773648977777778,6310.0,14679.0
500,BED-S,Grp_001_BED-S_X014_Y002,1.6492112466666664,6310.0,14692.0
500,BED-S,Grp_001_BED-S_X014_Y003,1.6521747888888887,6310.0,14704.0
500,BED-S,Grp_001_BED-S_X014_Y004,1.6566201022222222,6310.0,14717.0
500,BED-S,Grp_001_BED-S_X014_Y005,1.6566201022222222,6310.0,14729.0
500,BED-S,Grp_001_BED-S_X014_Y006,1.6696596879999999,6310.0,14742.0
500,BED-S,Grp_001_BED-S_X014_Y007,1.6551383311111112,6310.0,14754.0
500,BED-S,Grp_001_BED-S_X014_Y008,1.6506930177777777,6310.0,14767.0
500,BED-S,Grp_001_BED-S_X014_Y009,1.6403206199999998,6310.0,14779.0
500,BED-S,Grp_001_BED-S_X014_Y010,1.643284162222222,6310.0,14792.0
500,BED-S,Grp_001_BED-S_X014_Y011,1.6225393666666665,6310.0,14805.0
500,BED-S,Grp_001_BED-S_X014_Y012,1.6581018733333333,6310.0,14817.0
500,BED-S,Grp_001_BED-S_X014_Y013,,6310.0,14830.0
500,BED-S,Grp_001_BED-S_X014_Y014,1.637653432,6310.0,14842.0
400,SED,Grp_002_SED_X000_Y000,1.6595836444444445,6577.0,14643.0
400,SED,Grp_002_SED_X000_Y001,1.6749940639999998,6577.0,14656.0
400,SED,Grp_002_SED_X000_Y002,1.662991718,6577.0,14669.0
400,SED,Grp_002_SED_X000_Y003,1.6729195844444442,6577.0,14681.0
400,SED,Grp_002_SED_X000_Y004,1.6506930177777777,6577.0,14694.0
400,SED,Grp_002_SED_X000_Y005,1.6847737533333333,6577.0,14706.0
400,SED,Grp_002_SED_X000_Y006,1.672326876,6577.0,14719.0
400,SED,Grp_002_SED_X000_Y007,1.678846668888889,6577.0,14731.0
400,SED,Grp_002_SED_X000_Y008,1.6829956279999998,6577.0,14744.0
400,SED,Grp_002_SED_X000_Y009,1.676327658,6577.0,14756.0
400,SED,Grp_002_SED_X000_Y010,1.6418023911111108,6577.0,14769.0
400,SED,Grp_002_SED_X000_Y011,1.6758831266666665,6577.0,14781.0
400,SED,Grp_002_SED_X000_Y012,1.656620102222222,6577.0,14794.0
400,SED,Grp_002_SED_X000_Y013,1.655138331111111,6578.0,14806.0
400,SED,Grp_002_SED_X000_Y014,1.6492112466666664,6577.0,14819.0
400,SED,Grp_002_SED_X000_Y015,1.6506930177777777,6578.0,14832.0
400,SED,Grp_002_SED_X000_Y016,1.6625471866666668,6577.0,14844.0
400,SED,Grp_002_SED_X000_Y017,1.6595836444444443,6578.0,14857.0
400,SED,Grp_002_SED_X000_Y018,1.6788466688888888,6577.0,14869.0
400,SED,Grp_002_SED_X001_Y000,1.6744013555555552,6560.0,14644.0
400,SED,Grp_002_SED_X001_Y001,1.655138331111111,6560.0,14656.0
400,SED,Grp_002_SED_X001_Y002,1.652174788888889,6560.0,14669.0
400,SED,Grp_002_SED_X001_Y003,1.6788466688888888,6560.0,14681.0
400,SED,Grp_002_SED_X001_Y004,1.6758831266666667,6560.0,14694.0
400,SED,Grp_002_SED_X001_Y005,1.6595836444444443,6560.0,14706.0
400,SED,Grp_002_SED_X001_Y006,1.6669925,6560.0,14719.0
400,SED,Grp_002_SED_X001_Y007,1.6566201022222222,6560.0,14731.0
400,SED,Grp_002_SED_X001_Y008,1.6788466688888888,6560.0,14744.0
400,SED,Grp_002_SED_X001_Y009,1.6758831266666665,6560.0,14756.0
400,SED,Grp_002_SED_X001_Y010,1.672326876,6560.0,14769.0
400,SED,Grp_002_SED_X001_Y011,1.6729195844444444,6561.0,14781.0
400,SED,Grp_002_SED_X001_Y012,1.6566201022222222,6560.0,14794.0
400,SED,Grp_002_SED_X001_Y013,1.6773648977777778,6561.0,14806.0
400,SED,Grp_002_SED_X001_Y014,1.685662816,6560.0,14819.0
400,SED,Grp_002_SED_X001_Y015,1.6714378133333332,6561.0,14832.0
400,SED,Grp_002_SED_X001_Y016,1.655138331111111,6560.0,14844.0
400,SED,Grp_002_SED_X001_Y017,1.658990936,6560.0,14857.0
400,SED,Grp_002_SED_X001_Y018,1.668474271111111,6560.0,14869.0
400,SED,Grp_002_SED_X002_Y000,1.6669924999999999,6543.0,14644.0
400,SED,Grp_002_SED_X002_Y001,1.6729195844444442,6543.0,14656.0
400,SED,Grp_002_SED_X002_Y002,1.6847737533333333,6543.0,14669.0
400,SED,Grp_002_SED_X002_Y003,1.6625471866666666,6543.0,14681.0
400,SED,Grp_002_SED_X002_Y004,1.6610654155555555,6543.0,14694.0
400,SED,Grp_002_SED_X002_Y005,1.6625471866666666,6543.0,14706.0
400,SED,Grp_002_SED_X002_Y006,1.6625471866666668,6543.0,14719.0
400,SED,Grp_002_SED_X002_Y007,1.6684742711111111,6544.0,14731.0
400,SED,Grp_002_SED_X002_Y008,1.658101873333333,6543.0,14744.0
400,SED,Grp_002_SED_X002_Y009,1.6699560422222222,6544.0,14756.0
400,SED,Grp_002_SED_X002_Y010,1.6462477044444441,6543.0,14769.0
400,SED,Grp_002_SED_X002_Y011,1.6625471866666668,6544.0,14781.0
400,SED,Grp_002_SED_X002_Y012,1.6758831266666667,6543.0,14794.0
400,SED,Grp_002_SED_X002_Y013,1.6595836444444445,6544.0,14806.0
400,SED,Grp_002_SED_X002_Y014,1.65365656,6543.0,14819.0
400,SED,Grp_002_SED_X002_Y015,1.658101873333333,6544.0,14832.0
400,SED,Grp_002_SED_X002_Y016,1.6610654155555555,6543.0,14844.0
400,SED,Grp_002_SED_X002_Y017,1.656620102222222,6544.0,14857.0
400,SED,Grp_002_SED_X002_Y018,1.6603245299999998,6543.0,14869.0
400,SED,Grp_002_SED_X003_Y000,1.6581018733333333,6526.0,14644.0
400,SED,Grp_002_SED_X003_Y001,1.6655107288888888,6526.0,14656.0
400,SED,Grp_002_SED_X003_Y002,1.6625471866666666,6526.0,14669.0
400,SED,Grp_002_SED_X003_Y003,1.658990936,6527.0,14681.0
400,SED,Grp_002_SED_X003_Y004,1.658990936,6526.0,14694.0
400,SED,Grp_002_SED_X003_Y005,1.6788466688888886,6527.0,14706.0
400,SED,Grp_002_SED_X003_Y006,1.6655107288888888,6526.0,14719.0
400,SED,Grp_002_SED_X003_Y007,1.6744013555555555,6527.0,14731.0
400,SED,Grp_002_SED_X003_Y008,1.6610654155555555,6526.0,14744.0
400,SED,Grp_002_SED_X003_Y009,1.65365656,6527.0,14756.0
400,SED,Grp_002_SED_X003_Y010,1.6803284399999998,6526.0,14769.0
400,SED,Grp_002_SED_X003_Y011,1.6492112466666664,6527.0,14782.0
400,SED,Grp_002_SED_X003_Y012,1.6640289577777778,6526.0,14794.0
400,SED,Grp_002_SED_X003_Y013,1.6566201022222222,6527.0,14807.0
400,SED,Grp_002_SED_X003_Y014,1.6847737533333331,6526.0,14819.0
400,SED,Grp_002_SED_X003_Y015,1.658101873333333,6527.0,14832.0
400,SED,Grp_002_SED_X003_Y016,1.6803284399999998,6526.0,14844.0
400,SED,Grp_002_SED_X003_Y017,1.6669924999999999,6527.0,14857.0
400,SED,Grp_002_SED_X003_Y018,1.652174788888889,6527.0,14869.0
400,SED,Grp_002_SED_X004_Y000,1.6536565599999997,6509.0,14644.0
400,SED,Grp_002_SED_X004_Y001,1.656620102222222,6510.0,14656.0
400,SED,Grp_002_SED_X004_Y002,1.6818102111111108,6509.0,14669.0
400,SED,Grp_002_SED_X004_Y003,1.655138331111111,6510.0,14681.0
400,SED,Grp_002_SED_X004_Y004,1.6610654155555555,6509.0,14694.0
400,SED,Grp_002_SED_X004_Y005,1.6669925,6510.0,14706.0
400,SED,Grp_002_SED_X004_Y006,1.6788466688888888,6509.0,14719.0
400,SED,Grp_002_SED_X004_Y007,1.658101873333333,6510.0,14731.0
400,SED,Grp_002_SED_X004_Y008,1.6773648977777778,6509.0,14744.0
400,SED,Grp_002_SED_X004_Y009,1.683291982222222,6510.0,14756.0
400,SED,Grp_002_SED_X004_Y010,1.6506930177777777,6509.0,14769.0
400,SED,Grp_002_SED_X004_Y011,1.6803284399999998,6510.0,14782.0
400,SED,Grp_002_SED_X004_Y012,1.66032453,6510.0,14794.0
400,SED,Grp_002_SED_X004_Y013,1.6744013555555552,6510.0,14807.0
400,SED,Grp_002_SED_X004_Y014,1.6536565600000002,6510.0,14819.0
400,SED,Grp_002_SED_X004_Y015,1.6610654155555555,6510.0,14832.0
400,SED,Grp_002_SED_X004_Y016,1.65365656,6510.0,14844.0
400,SED,Grp_002_SED_X004_Y017,1.6521747888888887,6510.0,14857.0
400,SED,Grp_002_SED_X004_Y018,1.6803284399999998,6510.0,14869.0
400,SED,Grp_002_SED_X005_Y000,1.654990154,6492.0,14644.0
400,SED,Grp_002_SED_X005_Y001,1.655138331111111,6493.0,14656.0
400,SED,Grp_002_SED_X005_Y002,1.6403206199999998,6492.0,14669.0
400,SED,Grp_002_SED_X005_Y003,1.681810211111111,6493.0,14681.0
400,SED,Grp_002_SED_X005_Y004,1.6788466688888888,6492.0,14694.0
400,SED,Grp_002_SED_X005_Y005,1.668326094,6493.0,14706.0
400,SED,Grp_002_SED_X005_Y006,1.6684742711111111,6492.0,14719.0
400,SED,Grp_002_SED_X005_Y007,1.6736604699999997,6493.0,14731.0
400,SED,Grp_002_SED_X005_Y008,1.6655107288888888,6492.0,14744.0
400,SED,Grp_002_SED_X005_Y009,1.6669925,6493.0,14756.0
400,SED,Grp_002_SED_X005_Y010,1.6699560422222222,6493.0,14769.0
400,SED,Grp_002_SED_X005_Y011,1.6610654155555555,6493.0,14782.0
400,SED,Grp_002_SED_X005_Y012,1.6477294755555556,6493.0,14794.0
400,SED,Grp_002_SED_X005_Y013,1.6610654155555555,6493.0,14807.0
400,SED,Grp_002_SED_X005_Y014,1.6625471866666666,6493.0,14819.0
400,SED,Grp_002_SED_X005_Y015,1.6655107288888888,6493.0,14832.0
400,SED,Grp_002_SED_X005_Y016,1.6595836444444443,6493.0,14844.0
400,SED,Grp_002_SED_X005_Y017,1.6729195844444444,6493.0,14857.0
400,SED,Grp_002_SED_X005_Y018,1.6788466688888888,6493.0,14869.0
400,SED,Grp_002_SED_X006_Y000,1.6773648977777775,6475.0,14644.0
400,SED,Grp_002_SED_X006_Y001,1.655138331111111,6476.0,14656.0
400,SED,Grp_002_SED_X006_Y002,1.6506930177777777,6475.0,14669.0
400,SED,Grp_002_SED_X006_Y003,1.6758831266666665,6476.0,14681.0
400,SED,Grp_002_SED_X006_Y004,1.6506930177777777,6475.0,14694.0
400,SED,Grp_002_SED_X006_Y005,1.6462477044444443,6476.0,14706.0
400,SED,Grp_002_SED_X006_Y006,1.6603245299999998,6476.0,14719.0
400,SED,Grp_002_SED_X006_Y007,1.6640289577777778,6476.0,14731.0
400,SED,Grp_002_SED_X006_Y008,1.668326094,6476.0,14744.0
400,SED,Grp_002_SED_X006_Y009,1.66032453,6476.0,14756.0
400,SED,Grp_002_SED_X006_Y010,1.68032844,6476.0,14769.0
400,SED,Grp_002_SED_X006_Y011,1.655138331111111,6476.0,14782.0
400,SED,Grp_002_SED_X006_Y012,1.6758831266666665,6476.0,14794.0
400,SED,Grp_002_SED_X006_Y013,1.6736604700000002,6476.0,14807.0
400,SED,Grp_002_SED_X006_Y014,1.6729195844444442,6476.0,14819.0
400,SED,Grp_002_SED_X006_Y015,1.6714378133333332,6476.0,14832.0
400,SED,Grp_002_SED_X006_Y016,1.656620102222222,6476.0,14844.0
400,SED,Grp_002_SED_X006_Y017,1.6862555244444444,6476.0,14857.0
400,SED,Grp_002_SED_X006_Y018,1.6492112466666666,6476.0,14869.0
400,SED,Grp_002_SED_X007_Y000,1.6610654155555553,6458.0,14644.0
400,SED,Grp_002_SED_X007_Y001,1.6699560422222222,6459.0,14656.0
400,SED,Grp_002_SED_X007_Y002,1.68032844,6459.0,14669.0
400,SED,Grp_002_SED_X007_Y003,1.655138331111111,6459.0,14681.0
400,SED,Grp_002_SED_X007_Y004,1.6729195844444442,6459.0,14694.0
400,SED,Grp_002_SED_X007_Y005,1.6847737533333333,6459.0,14706.0
400,SED,Grp_002_SED_X007_Y006,1.65365656,6459.0,14719.0
400,SED,Grp_002_SED_X007_Y007,1.6640289577777778,6459.0,14731.0
400,SED,Grp_002_SED_X007_Y008,1.6521747888888887,6459.0,14744.0
400,SED,Grp_002_SED_X007_Y009,1.6462477044444443,6459.0,14756.0
400,SED,Grp_002_SED_X007_Y010,1.665510728888889,6459.0,14769.0
400,SED,Grp_002_SED_X007_Y011,1.6714378133333332,6459.0,14782.0
400,SED,Grp_002_SED_X007_Y012,1.6595836444444445,6459.0,14794.0
400,SED,Grp_002_SED_X007_Y013,1.6447659333333333,6459.0,14807.0
400,SED,Grp_002_SED_X007_Y014,1.652174788888889,6459.0,14819.0
400,SED,Grp_002_SED_X007_Y015,1.6521747888888887,6460.0,14832.0
400,SED,Grp_002_SED_X007_Y016,1.655138331111111,6459.0,14844.0
400,SED,Grp_002_SED_X007_Y017,1.6549901539999996,6460.0,14857.0
400,SED,Grp_002_SED_X007_Y018,1.6581018733333333,6459.0,14869.0
400,SED,Grp_002_SED_X008_Y000,1.6729195844444442,6442.0,14644.0
400,SED,Grp_002_SED_X008_Y001,1.6788466688888888,6442.0,14656.0
400,SED,Grp_002_SED_X008_Y002,1.6581018733333335,6442.0,14669.0
400,SED,Grp_002_SED_X008_Y003,1.6625471866666666,6442.0,14681.0
400,SED,Grp_002_SED_X008_Y004,1.6669925,6442.0,14694.0
400,SED,Grp_002_SED_X008_Y005,1.6773648977777778,6442.0,14706.0
400,SED,Grp_002_SED_X008_Y006,1.68032844,6442.0,14719.0
400,SED,Grp_002_SED_X008_Y007,1.6506930177777774,6442.0,14731.0
400,SED,Grp_002_SED_X008_Y008,1.6818102111111108,6442.0,14744.0
400,SED,Grp_002_SED_X008_Y009,1.6729195844444444,6442.0,14756.0
400,SED,Grp_002_SED_X008_Y010,8.668360999999999,6442.0,14769.0
400,SED,Grp_002_SED_X008_Y011,1.8190222159999998,6442.0,14782.0
400,SED,Grp_002_SED_X008_Y012,1.6655107288888888,6442.0,14794.0
400,SED,Grp_002_SED_X008_Y013,1.681810211111111,6443.0,14807.0
400,SED,Grp_002_SED_X008_Y014,1.6714378133333332,6442.0,14819.0
400,SED,Grp_002_SED_X008_Y015,1.6729195844444444,6443.0,14832.0
400,SED,Grp_002_SED_X008_Y016,1.6788466688888886,6442.0,14844.0
400,SED,Grp_002_SED_X008_Y017,1.6669924999999999,6443.0,14857.0
400,SED,Grp_002_SED_X008_Y018,1.6788466688888888,6442.0,14869.0
400,SED,Grp_002_SED_X009_Y000,1.662991718,6425.0,14644.0
400,SED,Grp_002_SED_X009_Y001,1.6758831266666665,6425.0,14656.0
400,SED,Grp_002_SED_X009_Y002,1.6699560422222222,6425.0,14669.0
400,SED,Grp_002_SED_X009_Y003,1.6684742711111111,6425.0,14681.0
400,SED,Grp_002_SED_X009_Y004,1.662991718,6425.0,14694.0
400,SED,Grp_002_SED_X009_Y005,1.6566201022222224,6425.0,14706.0
400,SED,Grp_002_SED_X009_Y006,1.65365656,6425.0,14719.0
400,SED,Grp_002_SED_X009_Y007,1.6640289577777776,6425.0,14731.0
400,SED,Grp_002_SED_X009_Y008,1.6521747888888887,6425.0,14744.0
400,SED,Grp_002_SED_X009_Y009,1.655138331111111,6426.0,14756.0
400,SED,Grp_002_SED_X009_Y010,1.6492112466666666,6425.0,14769.0
400,SED,Grp_002_SED_X009_Y011,1.668326094,6426.0,14782.0
400,SED,Grp_002_SED_X009_Y012,1.6669924999999999,6425.0,14794.0
400,SED,Grp_002_SED_X009_Y013,1.6610654155555555,6426.0,14807.0
400,SED,Grp_002_SED_X009_Y014,1.690997192,6425.0,14819.0
400,SED,Grp_002_SED_X009_Y015,1.6610654155555555,6426.0,14832.0
400,SED,Grp_002_SED_X009_Y016,1.65365656,6425.0,14844.0
400,SED,Grp_002_SED_X009_Y017,1.65365656,6426.0,14857.0
400,SED,Grp_002_SED_X009_Y018,1.652174788888889,6425.0,14869.0
400,SED,Grp_002_SED_X010_Y000,1.6684742711111111,6408.0,14644.0
400,SED,Grp_002_SED_X010_Y001,1.6640289577777778,6408.0,14656.0
400,SED,Grp_002_SED_X010_Y002,1.6403206199999998,6408.0,14669.0
400,SED,Grp_002_SED_X010_Y003,1.6788466688888888,6408.0,14681.0
400,SED,Grp_002_SED_X010_Y004,1.6669925,6408.0,14694.0
400,SED,Grp_002_SED_X010_Y005,1.6595836444444443,6408.0,14706.0
400,SED,Grp_002_SED_X010_Y006,1.6699560422222222,6408.0,14719.0
400,SED,Grp_002_SED_X010_Y007,1.68032844,6409.0,14731.0
400,SED,Grp_002_SED_X010_Y008,1.6684742711111111,6408.0,14744.0
400,SED,Grp_002_SED_X010_Y009,1.6640289577777776,6409.0,14757.0
400,SED,Grp_002_SED_X010_Y010,1.6877372955555556,6408.0,14769.0
400,SED,Grp_002_SED_X010_Y011,1.6803284400000003,6409.0,14782.0
400,SED,Grp_002_SED_X010_Y012,1.6669925,6408.0,14794.0
400,SED,Grp_002_SED_X010_Y013,1.655138331111111,6409.0,14807.0
400,SED,Grp_002_SED_X010_Y014,1.6773648977777775,6408.0,14819.0
400,SED,Grp_002_SED_X010_Y015,1.6656589060000002,6409.0,14832.0
400,SED,Grp_002_SED_X010_Y016,1.6669925,6408.0,14844.0
400,SED,Grp_002_SED_X010_Y017,1.6758831266666665,6409.0,14857.0
400,SED,Grp_002_SED_X010_Y018,1.658990936,6408.0,14869.0
400,SED,Grp_002_SED_X011_Y000,1.6595836444444443,6391.0,14644.0
400,SED,Grp_002_SED_X011_Y001,1.65365656,6391.0,14656.0
400,SED,Grp_002_SED_X011_Y002,1.6789948459999997,6391.0,14669.0
400,SED,Grp_002_SED_X011_Y003,1.6669924999999999,6392.0,14681.0
400,SED,Grp_002_SED_X011_Y004,1.6803284399999998,6391.0,14694.0
400,SED,Grp_002_SED_X011_Y005,1.683291982222222,6392.0,14707.0
400,SED,Grp_002_SED_X011_Y006,1.6847737533333333,6391.0,14719.0
400,SED,Grp_002_SED_X011_Y007,1.656620102222222,6392.0,14732.0
400,SED,Grp_002_SED_X011_Y008,1.6581018733333333,6391.0,14744.0
400,SED,Grp_002_SED_X011_Y009,1.6788466688888888,6392.0,14757.0
400,SED,Grp_002_SED_X011_Y010,1.6477294755555554,6391.0,14769.0
400,SED,Grp_002_SED_X011_Y011,1.6877372955555554,6392.0,14782.0
400,SED,Grp_002_SED_X011_Y012,1.6610654155555555,6391.0,14794.0
400,SED,Grp_002_SED_X011_Y013,1.6729195844444444,6392.0,14807.0
400,SED,Grp_002_SED_X011_Y014,1.6758831266666665,6391.0,14819.0
400,SED,Grp_002_SED_X011_Y015,1.6477294755555554,6392.0,14832.0
400,SED,Grp_002_SED_X011_Y016,1.6729195844444442,6392.0,14844.0
400,SED,Grp_002_SED_X011_Y017,1.6492112466666666,6392.0,14857.0
400,SED,Grp_002_SED_X011_Y018,1.6403206199999998,6392.0,14869.0
400,SED,Grp_002_SED_X012_Y000,1.6492112466666666,6374.0,14644.0
400,SED,Grp_002_SED_X012_Y001,1.6418023911111108,6375.0,14656.0
400,SED,Grp_002_SED_X012_Y002,1.6847737533333331,6374.0,14669.0
400,SED,Grp_002_SED_X012_Y003,1.6610654155555555,6375.0,14681.0
400,SED,Grp_002_SED_X012_Y004,1.65365656,6374.0,14694.0
400,SED,Grp_002_SED_X012_Y005,1.65365656,6375.0,14707.0
400,SED,Grp_002_SED_X012_Y006,1.6576573419999998,6374.0,14719.0
400,SED,Grp_002_SED_X012_Y007,1.661658124,6375.0,14732.0
400,SED,Grp_002_SED_X012_Y008,1.6643253119999997,6374.0,14744.0
400,SED,Grp_002_SED_X012_Y009,1.652174788888889,6375.0,14757.0
400,SED,Grp_002_SED_X012_Y010,1.6595836444444443,6374.0,14769.0
400,SED,Grp_002_SED_X012_Y011,1.6610654155555555,6375.0,14782.0
400,SED,Grp_002_SED_X012_Y012,1.6643253120000001,6375.0,14794.0
400,SED,Grp_002_SED_X012_Y013,1.6462477044444441,6375.0,14807.0
400,SED,Grp_002_SED_X012_Y014,1.6477294755555554,6375.0,14819.0
400,SED,Grp_002_SED_X012_Y015,1.6907008377777775,6375.0,14832.0
400,SED,Grp_002_SED_X012_Y016,1.6640289577777778,6375.0,14844.0
400,SED,Grp_002_SED_X012_Y017,1.6714378133333332,6375.0,14857.0
400,SED,Grp_002_SED_X012_Y018,1.683291982222222,6375.0,14869.0
400,SED,Grp_002_SED_X013_Y000,1.6683260939999998,6357.0,14644.0
400,SED,Grp_002_SED_X013_Y001,1.66032453,6358.0,14656.0
400,SED,Grp_002_SED_X013_Y002,1.6506930177777777,6357.0,14669.0
400,SED,Grp_002_SED_X013_Y003,1.668326094,6358.0,14681.0
400,SED,Grp_002_SED_X013_Y004,1.6744013555555552,6357.0,14694.0
400,SED,Grp_002_SED_X013_Y005,1.6643253119999997,6358.0,14707.0
400,SED,Grp_002_SED_X013_Y006,1.65365656,6357.0,14719.0
400,SED,Grp_002_SED_X013_Y007,1.65365656,6358.0,14732.0
400,SED,Grp_002_SED_X013_Y008,1.6696596879999999,6357.0,14744.0
400,SED,Grp_002_SED_X013_Y009,1.661658124,6358.0,14757.0
400,SED,Grp_002_SED_X013_Y010,1.690700837777778,6358.0,14769.0
400,SED,Grp_002_SED_X013_Y011,1.6521747888888887,6358.0,14782.0
400,SED,Grp_002_SED_X013_Y012,1.6714378133333332,6358.0,14794.0
400,SED,Grp_002_SED_X013_Y013,1.6669924999999999,6358.0,14807.0
400,SED,Grp_002_SED_X013_Y014,1.6714378133333334,6358.0,14819.0
400,SED,Grp_002_SED_X013_Y015,1.6610654155555555,6358.0,14832.0
400,SED,Grp_002_SED_X013_Y016,1.654990154,6358.0,14844.0
400,SED,Grp_002_SED_X013_Y017,1.68032844,6358.0,14857.0
400,SED,Grp_002_SED_X013_Y018,1.6684742711111111,6358.0,14869.0
400,SED,Grp_002_SED_X014_Y000,1.6610654155555555,6340.0,14644.0
400,SED,Grp_002_SED_X014_Y001,1.6683260939999998,6341.0,14656.0
400,SED,Grp_002_SED_X014_Y002,1.6744013555555552,6340.0,14669.0
400,SED,Grp_002_SED_X014_Y003,1.6963315680000002,6341.0,14681.0
400,SED,Grp_002_SED_X014_Y004,1.6669925,6340.0,14694.0
400,SED,Grp_002_SED_X014_Y005,1.6829956279999998,6341.0,14707.0
400,SED,Grp_002_SED_X014_Y006,1.6862555244444444,6341.0,14719.0
400,SED,Grp_002_SED_X014_Y007,1.683291982222222,6341.0,14732.0
400,SED,Grp_002_SED_X014_Y008,1.6447659333333333,6341.0,14744.0
400,SED,Grp_002_SED_X014_Y009,1.6477294755555554,6341.0,14757.0
400,SED,Grp_002_SED_X014_Y010,1.6655107288888888,6341.0,14769.0
400,SED,Grp_002_SED_X014_Y011,1.6729195844444442,6341.0,14782.0
400,SED,Grp_002_SED_X014_Y012,1.6788466688888888,6341.0,14794.0
400,SED,Grp_002_SED_X014_Y013,1.6506930177777777,6341.0,14807.0
400,SED,Grp_002_SED_X014_Y014,1.6773648977777775,6341.0,14819.0
400,SED,Grp_002_SED_X014_Y015,1.6640289577777778,6341.0,14832.0
400,SED,Grp_002_SED_X014_Y016,1.6477294755555556,6341.0,14844.0
400,SED,Grp_002_SED_X014_Y017,1.6610654155555555,6341.0,14857.0
400,SED,Grp_002_SED_X014_Y018,1.6506930177777777,6341.0,14869.0
400,SED,Grp_002_SED_X015_Y000,1.6625471866666666,6324.0,14644.0
400,SED,Grp_002_SED_X015_Y001,1.6521747888888887,6324.0,14656.0
400,SED,Grp_002_SED_X015_Y002,1.6683260939999998,6324.0,14669.0
400,SED,Grp_002_SED_X015_Y003,1.6758831266666667,6324.0,14681.0
400,SED,Grp_002_SED_X015_Y004,1.681662034,6324.0,14694.0
400,SED,Grp_002_SED_X015_Y005,1.6610654155555555,6324.0,14707.0
400,SED,Grp_002_SED_X015_Y006,1.6595836444444443,6324.0,14719.0
400,SED,Grp_002_SED_X015_Y007,1.6566201022222222,6324.0,14732.0
400,SED,Grp_002_SED_X015_Y008,1.6788466688888888,6324.0,14744.0
400,SED,Grp_002_SED_X015_Y009,1.6788466688888888,6324.0,14757.0
400,SED,Grp_002_SED_X015_Y010,1.668326094,6324.0,14769.0
400,SED,Grp_002_SED_X015_Y011,1.6625471866666668,6324.0,14782.0
400,SED,Grp_002_SED_X015_Y012,1.656620102222222,6324.0,14794.0
400,SED,Grp_002_SED_X015_Y013,1.6714378133333332,6324.0,14807.0
400,SED,Grp_002_SED_X015_Y014,1.6625471866666666,6324.0,14819.0
400,SED,Grp_002_SED_X015_Y015,1.6699560422222222,6325.0,14832.0
400,SED,Grp_002_SED_X015_Y016,1.6966279222222223,6324.0,14844.0
400,SED,Grp_002_SED_X015_Y017,1.652174788888889,6325.0,14857.0
400,SED,Grp_002_SED_X015_Y018,1.6699560422222222,6324.0,14870.0
400,SED,Grp_002_SED_X016_Y000,1.6477294755555554,6307.0,14644.0
400,SED,Grp_002_SED_X016_Y001,1.6714378133333332,6307.0,14656.0
400,SED,Grp_002_SED_X016_Y002,1.6640289577777778,6307.0,14669.0
400,SED,Grp_002_SED_X016_Y003,1.681810211111111,6307.0,14681.0
400,SED,Grp_002_SED_X016_Y004,1.6714378133333332,6307.0,14694.0
400,SED,Grp_002_SED_X016_Y005,1.6847737533333331,6307.0,14707.0
400,SED,Grp_002_SED_X016_Y006,1.6625471866666666,6307.0,14719.0
400,SED,Grp_002_SED_X016_Y007,1.6625471866666666,6307.0,14732.0
400,SED,Grp_002_SED_X016_Y008,1.6536565599999997,6307.0,14744.0
400,SED,Grp_002_SED_X016_Y009,1.6581018733333335,6307.0,14757.0
400,SED,Grp_002_SED_X016_Y010,1.65365656,6307.0,14769.0
400,SED,Grp_002_SED_X016_Y011,1.685662816,6307.0,14782.0
400,SED,Grp_002_SED_X016_Y012,1.6714378133333332,6307.0,14794.0
400,SED,Grp_002_SED_X016_Y013,1.6506930177777777,6308.0,14807.0
400,SED,Grp_002_SED_X016_Y014,1.6656589059999998,6307.0,14819.0
400,SED,Grp_002_SED_X016_Y015,1.6643253120000001,6308.0,14832.0
400,SED,Grp_002_SED_X016_Y016,1.6625471866666668,6307.0,14844.0
400,SED,Grp_002_SED_X016_Y017,1.7136682899999998,6308.0,14857.0
400,SED,Grp_002_SED_X016_Y018,1.69366438,6307.0,14870.0
400,SED,Grp_002_SED_X017_Y000,1.662991718,6290.0,14644.0
400,SED,Grp_002_SED_X017_Y001,1.65365656,6290.0,14656.0
400,SED,Grp_002_SED_X017_Y002,1.6803284399999998,6290.0,14669.0
400,SED,Grp_002_SED_X017_Y003,1.6877372955555554,6290.0,14681.0
400,SED,Grp_002_SED_X017_Y004,1.655138331111111,6290.0,14694.0
400,SED,Grp_002_SED_X017_Y005,1.658101873333333,6290.0,14707.0
400,SED,Grp_002_SED_X017_Y006,1.6803284399999998,6290.0,14719.0
400,SED,Grp_002_SED_X017_Y007,1.6699560422222224,6290.0,14732.0
400,SED,Grp_002_SED_X017_Y008,1.6669925,6290.0,14744.0
400,SED,Grp_002_SED_X017_Y009,1.652174788888889,6291.0,14757.0
400,SED,Grp_002_SED_X017_Y010,1.6773648977777775,6290.0,14769.0
400,SED,Grp_002_SED_X017_Y011,1.6506930177777777,6291.0,14782.0
400,SED,Grp_002_SED_X017_Y012,1.6773648977777778,6290.0,14794.0
400,SED,Grp_002_SED_X017_Y013,1.6595836444444445,6291.0,14807.0
400,SED,Grp_002_SED_X017_Y014,1.652174788888889,6290.0,14819.0
400,SED,Grp_002_SED_X017_Y015,1.658990936,6291.0,14832.0
400,SED,Grp_002_SED_X017_Y016,1.65365656,6290.0,14844.0
400,SED,Grp_002_SED_X017_Y017,1.6773648977777775,6291.0,14857.0
400,SED,Grp_002_SED_X017_Y018,1.6603245299999998,6290.0,14870.0
400,SED,Grp_002_SED_X018_Y000,1.6847737533333333,6273.0,14644.0
400,SED,Grp_002_SED_X018_Y001,1.684329222,6273.0,14657.0
400,SED,Grp_002_SED_X018_Y002,1.6566201022222222,6273.0,14669.0
400,SED,Grp_002_SED_X018_Y003,1.6788466688888888,6273.0,14682.0
400,SED,Grp_002_SED_X018_Y004,1.6655107288888888,6273.0,14694.0
400,SED,Grp_002_SED_X018_Y005,1.6803284399999998,6273.0,14707.0
400,SED,Grp_002_SED_X018_Y006,1.6640289577777778,6273.0,14719.0
400,SED,Grp_002_SED_X018_Y007,1.6699560422222222,6273.0,14732.0
400,SED,Grp_002_SED_X018_Y008,1.68032844,6273.0,14744.0
400,SED,Grp_002_SED_X018_Y009,1.6566201022222222,6273.0,14757.0
400,SED,Grp_002_SED_X018_Y010,1.6729195844444442,6273.0,14769.0
400,SED,Grp_002_SED_X018_Y011,1.6789948459999997,6274.0,14782.0
400,SED,Grp_002_SED_X018_Y012,1.6477294755555554,6273.0,14794.0
400,SED,Grp_002_SED_X018_Y013,1.6669924999999999,6274.0,14807.0
400,SED,Grp_002_SED_X018_Y014,1.6832919822222219,6273.0,14819.0
400,SED,Grp_002_SED_X018_Y015,1.6643253119999997,6274.0,14832.0
400,SED,Grp_002_SED_X018_Y016,1.6699560422222222,6273.0,14844.0
400,SED,Grp_002_SED_X018_Y017,1.6625471866666666,6274.0,14857.0
400,SED,Grp_002_SED_X018_Y018,1.66032453,6273.0,14870.0
400,BED-S,Grp_002_BED-S_X000_Y000,1.6581018733333333,6577.0,14644.0
400,BED-S,Grp_002_BED-S_X000_Y001,1.6566201022222222,6577.0,14656.0
400,BED-S,Grp_002_BED-S_X000_Y002,1.6581018733333333,6577.0,14668.0
400,BED-S,Grp_002_BED-S_X000_Y003,1.656620102222222,6577.0,14681.0
400,BED-S,Grp_002_BED-S_X000_Y004,1.6640289577777776,6577.0,14694.0
400,BED-S,Grp_002_BED-S_X000_Y005,1.6477294755555554,6577.0,14706.0
400,BED-S,Grp_002_BED-S_X000_Y006,1.6492112466666664,6577.0,14719.0
400,BED-S,Grp_002_BED-S_X000_Y007,1.66032453,6577.0,14731.0
400,BED-S,Grp_002_BED-S_X000_Y008,1.652174788888889,6577.0,14744.0
400,BED-S,Grp_002_BED-S_X000_Y009,1.6581018733333335,6577.0,14756.0
400,BED-S,Grp_002_BED-S_X000_Y010,1.6788466688888886,6577.0,14769.0
400,BED-S,Grp_002_BED-S_X000_Y011,1.6506930177777777,6577.0,14781.0
400,BED-S,Grp_002_BED-S_X000_Y012,1.6684742711111111,6577.0,14794.0
400,BED-S,Grp_002_BED-S_X000_Y013,1.6595836444444445,6577.0,14806.0
400,BED-S,Grp_002_BED-S_X000_Y014,1.6462477044444443,6577.0,14819.0
400,BED-S,Grp_002_BED-S_X000_Y015,1.6684742711111111,6577.0,14832.0
400,BED-S,Grp_002_BED-S_X000_Y016,1.6563237479999997,6577.0,14844.0
400,BED-S,Grp_002_BED-S_X000_Y017,1.656620102222222,6577.0,14857.0
400,BED-S,Grp_002_BED-S_X000_Y018,1.652174788888889,6577.0,14869.0
400,BED-S,Grp_002_BED-S_X001_Y000,1.6477294755555554,6560.0,14644.0
400,BED-S,Grp_002_BED-S_X001_Y001,1.656620102222222,6560.0,14656.0
400,BED-S,Grp_002_BED-S_X001_Y002,1.65365656,6560.0,14669.0
400,BED-S,Grp_002_BED-S_X001_Y003,1.6536565599999997,6560.0,14681.0
400,BED-S,Grp_002_BED-S_X001_Y004,1.6536565600000002,6560.0,14694.0
400,BED-S,Grp_002_BED-S_X001_Y005,1.6669925,6560.0,14706.0
400,BED-S,Grp_002_BED-S_X001_Y006,1.6521747888888887,6560.0,14719.0
400,BED-S,Grp_002_BED-S_X001_Y007,1.6714378133333332,6560.0,14731.0
400,BED-S,Grp_002_BED-S_X001_Y008,1.66032453,6560.0,14744.0
400,BED-S,Grp_002_BED-S_X001_Y009,1.6403206199999998,6560.0,14756.0
400,BED-S,Grp_002_BED-S_X001_Y010,1.6566201022222222,6560.0,14769.0
400,BED-S,Grp_002_BED-S_X001_Y011,1.6477294755555556,6560.0,14781.0
400,BED-S,Grp_002_BED-S_X001_Y012,1.6551383311111112,6560.0,14794.0
400,BED-S,Grp_002_BED-S_X001_Y013,1.6477294755555554,6560.0,14806.0
400,BED-S,Grp_002_BED-S_X001_Y014,1.6581018733333335,6560.0,14819.0
400,BED-S,Grp_002_BED-S_X001_Y015,1.6492112466666669,6560.0,14832.0
400,BED-S,Grp_002_BED-S_X001_Y016,1.6669925,6560.0,14844.0
400,BED-S,Grp_002_BED-S_X001_Y017,1.6595836444444445,6560.0,14857.0
400,BED-S,Grp_002_BED-S_X001_Y018,1.6536565600000002,6561.0,14869.0
400,BED-S,Grp_002_BED-S_X002_Y000,1.6447659333333333,6543.0,14644.0
400,BED-S,Grp_002_BED-S_X002_Y001,1.6656589059999998,6543.0,14656.0
400,BED-S,Grp_002_BED-S_X002_Y002,1.6563237480000002,6543.0,14669.0
400,BED-S,Grp_002_BED-S_X002_Y003,1.6610654155555555,6543.0,14681.0
400,BED-S,Grp_002_BED-S_X002_Y004,1.6477294755555556,6543.0,14694.0
400,BED-S,Grp_002_BED-S_X002_Y005,1.6655107288888888,6543.0,14706.0
400,BED-S,Grp_002_BED-S_X002_Y006,1.6625471866666666,6543.0,14719.0
400,BED-S,Grp_002_BED-S_X002_Y007,1.65365656,6543.0,14731.0
400,BED-S,Grp_002_BED-S_X002_Y008,1.6640289577777778,6543.0,14744.0
400,BED-S,Grp_002_BED-S_X002_Y009,1.6655107288888888,6543.0,14756.0
400,BED-S,Grp_002_BED-S_X002_Y010,1.6640289577777776,6543.0,14769.0
400,BED-S,Grp_002_BED-S_X002_Y011,1.6862555244444444,6543.0,14781.0
400,BED-S,Grp_002_BED-S_X002_Y012,1.652174788888889,6544.0,14794.0
400,BED-S,Grp_002_BED-S_X002_Y013,1.6625471866666668,6544.0,14806.0
400,BED-S,Grp_002_BED-S_X002_Y014,1.6640289577777778,6544.0,14819.0
400,BED-S,Grp_002_BED-S_X002_Y015,1.65365656,6544.0,14832.0
400,BED-S,Grp_002_BED-S_X002_Y016,1.6581018733333335,6544.0,14844.0
400,BED-S,Grp_002_BED-S_X002_Y017,1.655138331111111,6544.0,14857.0
400,BED-S,Grp_002_BED-S_X002_Y018,1.6788466688888888,6544.0,14869.0
400,BED-S,Grp_002_BED-S_X003_Y000,1.6625471866666666,6526.0,14644.0
400,BED-S,Grp_002_BED-S_X003_Y001,1.6576573419999998,6526.0,14656.0
400,BED-S,Grp_002_BED-S_X003_Y002,1.6684742711111111,6526.0,14669.0
400,BED-S,Grp_002_BED-S_X003_Y003,1.6625471866666666,6526.0,14681.0
400,BED-S,Grp_002_BED-S_X003_Y004,1.6595836444444443,6526.0,14694.0
400,BED-S,Grp_002_BED-S_X003_Y005,1.65365656,6526.0,14706.0
400,BED-S,Grp_002_BED-S_X003_Y006,1.6669924999999999,6526.0,14719.0
400,BED-S,Grp_002_BED-S_X003_Y007,1.65365656,6526.0,14731.0
400,BED-S,Grp_002_BED-S_X003_Y008,1.6640289577777778,6527.0,14744.0
400,BED-S,Grp_002_BED-S_X003_Y009,1.6625471866666666,6526.0,14756.0
400,BED-S,Grp_002_BED-S_X003_Y010,1.66032453,6527.0,14769.0
400,BED-S,Grp_002_BED-S_X003_Y011,1.6595836444444443,6527.0,14782.0
400,BED-S,Grp_002_BED-S_X003_Y012,1.655138331111111,6527.0,14794.0
400,BED-S,Grp_002_BED-S_X003_Y013,1.6640289577777778,6527.0,14807.0
400,BED-S,Grp_002_BED-S_X003_Y014,1.670993282,6527.0,14819.0
400,BED-S,Grp_002_BED-S_X003_Y015,1.6847737533333331,6527.0,14832.0
400,BED-S,Grp_002_BED-S_X003_Y016,1.65365656,6527.0,14844.0
400,BED-S,Grp_002_BED-S_X003_Y017,1.662991718,6527.0,14857.0
400,BED-S,Grp_002_BED-S_X003_Y018,1.6595836444444443,6527.0,14869.0
400,BED-S,Grp_002_BED-S_X004_Y000,1.65365656,6509.0,14644.0
400,BED-S,Grp_002_BED-S_X004_Y001,1.6684742711111111,6509.0,14656.0
400,BED-S,Grp_002_BED-S_X004_Y002,1.6536565599999997,6509.0,14669.0
400,BED-S,Grp_002_BED-S_X004_Y003,1.656620102222222,6509.0,14681.0
400,BED-S,Grp_002_BED-S_X004_Y004,1.6669924999999999,6510.0,14694.0
400,BED-S,Grp_002_BED-S_X004_Y005,1.6655107288888886,6509.0,14706.0
400,BED-S,Grp_002_BED-S_X004_Y006,1.6506930177777777,6510.0,14719.0
400,BED-S,Grp_002_BED-S_X004_Y007,1.683291982222222,6510.0,14731.0
400,BED-S,Grp_002_BED-S_X004_Y008,1.6506930177777777,6510.0,14744.0
400,BED-S,Grp_002_BED-S_X004_Y009,1.652174788888889,6510.0,14756.0
400,BED-S,Grp_002_BED-S_X004_Y010,1.6684742711111111,6510.0,14769.0
400,BED-S,Grp_002_BED-S_X004_Y011,1.6492112466666666,6510.0,14782.0
400,BED-S,Grp_002_BED-S_X004_Y012,1.6684742711111111,6510.0,14794.0
400,BED-S,Grp_002_BED-S_X004_Y013,1.6506930177777777,6510.0,14807.0
400,BED-S,Grp_002_BED-S_X004_Y014,1.6640289577777778,6510.0,14819.0
400,BED-S,Grp_002_BED-S_X004_Y015,1.6551383311111112,6510.0,14832.0
400,BED-S,Grp_002_BED-S_X004_Y016,1.6536565600000002,6510.0,14844.0
400,BED-S,Grp_002_BED-S_X004_Y017,1.6758831266666665,6510.0,14857.0
400,BED-S,Grp_002_BED-S_X004_Y018,1.65365656,6510.0,14869.0
400,BED-S,Grp_002_BED-S_X005_Y000,1.64698859,6492.0,14644.0
400,BED-S,Grp_002_BED-S_X005_Y001,1.6595836444444443,6492.0,14656.0
400,BED-S,Grp_002_BED-S_X005_Y002,1.6625471866666666,6493.0,14669.0
400,BED-S,Grp_002_BED-S_X005_Y003,1.677661252,6493.0,14681.0
400,BED-S,Grp_002_BED-S_X005_Y004,1.6656589059999998,6493.0,14694.0
400,BED-S,Grp_002_BED-S_X005_Y005,1.664028957777778,6493.0,14706.0
400,BED-S,Grp_002_BED-S_X005_Y006,1.6551383311111112,6493.0,14719.0
400,BED-S,Grp_002_BED-S_X005_Y007,1.6595836444444445,6493.0,14731.0
400,BED-S,Grp_002_BED-S_X005_Y008,1.6566201022222222,6493.0,14744.0
400,BED-S,Grp_002_BED-S_X005_Y009,1.6625471866666668,6493.0,14756.0
400,BED-S,Grp_002_BED-S_X005_Y010,1.6655107288888888,6493.0,14769.0
400,BED-S,Grp_002_BED-S_X005_Y011,1.6669925,6493.0,14782.0
400,BED-S,Grp_002_BED-S_X005_Y012,1.6595836444444443,6493.0,14794.0
400,BED-S,Grp_002_BED-S_X005_Y013,1.6581018733333333,6493.0,14807.0
400,BED-S,Grp_002_BED-S_X005_Y014,1.6669925,6493.0,14819.0
400,BED-S,Grp_002_BED-S_X005_Y015,1.668326094,6493.0,14832.0
400,BED-S,Grp_002_BED-S_X005_Y016,1.6832919822222219,6493.0,14844.0
400,BED-S,Grp_002_BED-S_X005_Y017,1.6477294755555556,6493.0,14857.0
400,BED-S,Grp_002_BED-S_X005_Y018,1.6656589060000002,6493.0,14869.0
400,BED-S,Grp_002_BED-S_X006_Y000,1.6643253119999997,6476.0,14644.0
400,BED-S,Grp_002_BED-S_X006_Y001,1.652174788888889,6476.0,14656.0
400,BED-S,Grp_002_BED-S_X006_Y002,1.655138331111111,6476.0,14669.0
400,BED-S,Grp_002_BED-S_X006_Y003,1.6610654155555553,6476.0,14681.0
400,BED-S,Grp_002_BED-S_X006_Y004,1.6669925,6476.0,14694.0
400,BED-S,Grp_002_BED-S_X006_Y005,1.6595836444444445,6476.0,14706.0
400,BED-S,Grp_002_BED-S_X006_Y006,1.6640289577777778,6476.0,14719.0
400,BED-S,Grp_002_BED-S_X006_Y007,1.6269846799999998,6476.0,14731.0
400,BED-S,Grp_002_BED-S_X006_Y008,1.656620102222222,6476.0,14744.0
400,BED-S,Grp_002_BED-S_X006_Y009,1.6595836444444445,6476.0,14756.0
400,BED-S,Grp_002_BED-S_X006_Y010,1.6492112466666666,6476.0,14769.0
400,BED-S,Grp_002_BED-S_X006_Y011,1.6610654155555555,6476.0,14782.0
400,BED-S,Grp_002_BED-S_X006_Y012,1.6536565599999997,6476.0,14794.0
400,BED-S,Grp_002_BED-S_X006_Y013,1.6581018733333333,6476.0,14807.0
400,BED-S,Grp_002_BED-S_X006_Y014,1.6506930177777777,6476.0,14819.0
400,BED-S,Grp_002_BED-S_X006_Y015,1.6684742711111111,6476.0,14832.0
400,BED-S,Grp_002_BED-S_X006_Y016,1.6655107288888888,6476.0,14844.0
400,BED-S,Grp_002_BED-S_X006_Y017,1.6581018733333335,6476.0,14857.0
400,BED-S,Grp_002_BED-S_X006_Y018,1.6625471866666666,6476.0,14869.0
400,BED-S,Grp_002_BED-S_X007_Y000,1.6595836444444445,6459.0,14644.0
400,BED-S,Grp_002_BED-S_X007_Y001,1.65365656,6459.0,14656.0
400,BED-S,Grp_002_BED-S_X007_Y002,1.66032453,6459.0,14669.0
400,BED-S,Grp_002_BED-S_X007_Y003,1.6625471866666666,6459.0,14681.0
400,BED-S,Grp_002_BED-S_X007_Y004,1.6610654155555558,6459.0,14694.0
400,BED-S,Grp_002_BED-S_X007_Y005,1.6576573419999998,6459.0,14706.0
400,BED-S,Grp_002_BED-S_X007_Y006,1.6551383311111112,6459.0,14719.0
400,BED-S,Grp_002_BED-S_X007_Y007,1.6640289577777778,6459.0,14731.0
400,BED-S,Grp_002_BED-S_X007_Y008,1.656620102222222,6459.0,14744.0
400,BED-S,Grp_002_BED-S_X007_Y009,1.6610654155555555,6459.0,14756.0
400,BED-S,Grp_002_BED-S_X007_Y010,1.655138331111111,6459.0,14769.0
400,BED-S,Grp_002_BED-S_X007_Y011,1.6536565599999997,6459.0,14782.0
400,BED-S,Grp_002_BED-S_X007_Y012,1.6640289577777776,6459.0,14794.0
400,BED-S,Grp_002_BED-S_X007_Y013,1.655138331111111,6459.0,14807.0
400,BED-S,Grp_002_BED-S_X007_Y014,1.6566201022222222,6459.0,14819.0
400,BED-S,Grp_002_BED-S_X007_Y015,1.6595836444444443,6459.0,14832.0
400,BED-S,Grp_002_BED-S_X007_Y016,1.656620102222222,6459.0,14844.0
400,BED-S,Grp_002_BED-S_X007_Y017,1.6581018733333333,6459.0,14857.0
400,BED-S,Grp_002_BED-S_X007_Y018,1.6625471866666666,6459.0,14869.0
400,BED-S,Grp_002_BED-S_X008_Y000,1.6536565600000002,6442.0,14644.0
400,BED-S,Grp_002_BED-S_X008_Y001,1.6566201022222222,6442.0,14656.0
400,BED-S,Grp_002_BED-S_X008_Y002,1.6655107288888888,6442.0,14669.0
400,BED-S,Grp_002_BED-S_X008_Y003,1.6551383311111112,6442.0,14681.0
400,BED-S,Grp_002_BED-S_X008_Y004,1.6566201022222222,6442.0,14694.0
400,BED-S,Grp_002_BED-S_X008_Y005,1.6699560422222222,6442.0,14706.0
400,BED-S,Grp_002_BED-S_X008_Y006,1.6723268759999996,6442.0,14719.0
400,BED-S,Grp_002_BED-S_X008_Y007,1.6625471866666666,6442.0,14731.0
400,BED-S,Grp_002_BED-S_X008_Y008,1.672326876,6442.0,14744.0
400,BED-S,Grp_002_BED-S_X008_Y009,1.6655107288888888,6442.0,14756.0
400,BED-S,Grp_002_BED-S_X008_Y010,,6442.0,14769.0
400,BED-S,Grp_002_BED-S_X008_Y011,,6442.0,14782.0
400,BED-S,Grp_002_BED-S_X008_Y012,1.6714378133333332,6442.0,14794.0
400,BED-S,Grp_002_BED-S_X008_Y013,1.6655107288888888,6442.0,14807.0
400,BED-S,Grp_002_BED-S_X008_Y014,,6442.0,14819.0
400,BED-S,Grp_002_BED-S_X008_Y015,1.6521747888888887,6442.0,14832.0
400,BED-S,Grp_002_BED-S_X008_Y016,1.6447659333333333,6442.0,14844.0
400,BED-S,Grp_002_BED-S_X008_Y017,1.6551383311111112,6442.0,14857.0
400,BED-S,Grp_002_BED-S_X008_Y018,1.6506930177777779,6443.0,14869.0
400,BED-S,Grp_002_BED-S_X009_Y000,1.656620102222222,6425.0,14644.0
400,BED-S,Grp_002_BED-S_X009_Y001,1.6818102111111108,6425.0,14656.0
400,BED-S,Grp_002_BED-S_X009_Y002,1.6492112466666664,6425.0,14669.0
400,BED-S,Grp_002_BED-S_X009_Y003,1.655138331111111,6425.0,14681.0
400,BED-S,Grp_002_BED-S_X009_Y004,1.6818102111111108,6425.0,14694.0
400,BED-S,Grp_002_BED-S_X009_Y005,1.6581018733333335,6425.0,14706.0
400,BED-S,Grp_002_BED-S_X009_Y006,1.6625471866666666,6425.0,14719.0
400,BED-S,Grp_002_BED-S_X009_Y007,1.6521747888888887,6425.0,14731.0
400,BED-S,Grp_002_BED-S_X009_Y008,1.6640289577777778,6425.0,14744.0
400,BED-S,Grp_002_BED-S_X009_Y009,1.665510728888889,6425.0,14756.0
400,BED-S,Grp_002_BED-S_X009_Y010,1.6447659333333333,6425.0,14769.0
400,BED-S,Grp_002_BED-S_X009_Y011,1.6729195844444442,6425.0,14782.0
400,BED-S,Grp_002_BED-S_X009_Y012,1.655138331111111,6425.0,14794.0
400,BED-S,Grp_002_BED-S_X009_Y013,1.6684742711111111,6425.0,14807.0
400,BED-S,Grp_002_BED-S_X009_Y014,1.6655107288888888,6426.0,14819.0
400,BED-S,Grp_002_BED-S_X009_Y015,1.6610654155555555,6425.0,14832.0
400,BED-S,Grp_002_BED-S_X009_Y016,1.6610654155555555,6426.0,14844.0
400,BED-S,Grp_002_BED-S_X009_Y017,1.6563237480000002,6426.0,14857.0
400,BED-S,Grp_002_BED-S_X009_Y018,1.652174788888889,6426.0,14869.0
400,BED-S,Grp_002_BED-S_X010_Y000,1.6643253119999997,6408.0,14644.0
400,BED-S,Grp_002_BED-S_X010_Y001,1.655138331111111,6408.0,14656.0
400,BED-S,Grp_002_BED-S_X010_Y002,1.65365656,6408.0,14669.0
400,BED-S,Grp_002_BED-S_X010_Y003,1.6729195844444444,6408.0,14681.0
400,BED-S,Grp_002_BED-S_X010_Y004,1.6684742711111111,6408.0,14694.0
400,BED-S,Grp_002_BED-S_X010_Y005,1.6388388488888888,6408.0,14706.0
400,BED-S,Grp_002_BED-S_X010_Y006,1.644765933333333,6408.0,14719.0
400,BED-S,Grp_002_BED-S_X010_Y007,1.6581018733333335,6408.0,14731.0
400,BED-S,Grp_002_BED-S_X010_Y008,1.6669925,6408.0,14744.0
400,BED-S,Grp_002_BED-S_X010_Y009,1.652174788888889,6408.0,14757.0
400,BED-S,Grp_002_BED-S_X010_Y010,1.6492112466666666,6408.0,14769.0
400,BED-S,Grp_002_BED-S_X010_Y011,1.6477294755555556,6408.0,14782.0
400,BED-S,Grp_002_BED-S_X010_Y012,1.6566201022222222,6409.0,14794.0
400,BED-S,Grp_002_BED-S_X010_Y013,1.6506930177777777,6409.0,14807.0
400,BED-S,Grp_002_BED-S_X010_Y014,1.6581018733333333,6409.0,14819.0
400,BED-S,Grp_002_BED-S_X010_Y015,1.6595836444444445,6409.0,14832.0
400,BED-S,Grp_002_BED-S_X010_Y016,1.6684742711111111,6409.0,14844.0
400,BED-S,Grp_002_BED-S_X010_Y017,1.6714378133333332,6409.0,14857.0
400,BED-S,Grp_002_BED-S_X010_Y018,1.6803284399999996,6409.0,14869.0
400,BED-S,Grp_002_BED-S_X011_Y000,1.6655107288888888,6391.0,14644.0
400,BED-S,Grp_002_BED-S_X011_Y001,1.6506930177777777,6391.0,14656.0
400,BED-S,Grp_002_BED-S_X011_Y002,1.6581018733333335,6391.0,14669.0
400,BED-S,Grp_002_BED-S_X011_Y003,1.6595836444444445,6391.0,14681.0
400,BED-S,Grp_002_BED-S_X011_Y004,1.6462477044444443,6391.0,14694.0
400,BED-S,Grp_002_BED-S_X011_Y005,1.6595836444444443,6391.0,14707.0
400,BED-S,Grp_002_BED-S_X011_Y006,1.6521747888888887,6392.0,14719.0
400,BED-S,Grp_002_BED-S_X011_Y007,1.652174788888889,6391.0,14732.0
400,BED-S,Grp_002_BED-S_X011_Y008,1.6447659333333333,6392.0,14744.0
400,BED-S,Grp_002_BED-S_X011_Y009,1.6566201022222222,6392.0,14757.0
400,BED-S,Grp_002_BED-S_X011_Y010,1.6625471866666668,6392.0,14769.0
400,BED-S,Grp_002_BED-S_X011_Y011,1.6640289577777778,6392.0,14782.0
400,BED-S,Grp_002_BED-S_X011_Y012,1.6581018733333333,6392.0,14794.0
400,BED-S,Grp_002_BED-S_X011_Y013,1.6566201022222222,6392.0,14807.0
400,BED-S,Grp_002_BED-S_X011_Y014,1.6506930177777777,6392.0,14819.0
400,BED-S,Grp_002_BED-S_X011_Y015,1.6736604700000002,6392.0,14832.0
400,BED-S,Grp_002_BED-S_X011_Y016,1.6492112466666666,6392.0,14844.0
400,BED-S,Grp_002_BED-S_X011_Y017,1.6551383311111112,6392.0,14857.0
400,BED-S,Grp_002_BED-S_X011_Y018,1.656620102222222,6392.0,14869.0
400,BED-S,Grp_002_BED-S_X012_Y000,1.6506930177777779,6374.0,14644.0
400,BED-S,Grp_002_BED-S_X012_Y001,1.6610654155555555,6374.0,14656.0
400,BED-S,Grp_002_BED-S_X012_Y002,1.6506930177777777,6374.0,14669.0
400,BED-S,Grp_002_BED-S_X012_Y003,1.65365656,6374.0,14681.0
400,BED-S,Grp_002_BED-S_X012_Y004,1.6669925,6375.0,14694.0
400,BED-S,Grp_002_BED-S_X012_Y005,1.6581018733333333,6374.0,14707.0
400,BED-S,Grp_002_BED-S_X012_Y006,1.655138331111111,6375.0,14719.0
400,BED-S,Grp_002_BED-S_X012_Y007,1.6595836444444443,6375.0,14732.0
400,BED-S,Grp_002_BED-S_X012_Y008,1.6521747888888887,6375.0,14744.0
400,BED-S,Grp_002_BED-S_X012_Y009,1.6595836444444443,6375.0,14757.0
400,BED-S,Grp_002_BED-S_X012_Y010,1.6714378133333332,6375.0,14769.0
400,BED-S,Grp_002_BED-S_X012_Y011,1.6655107288888888,6375.0,14782.0
400,BED-S,Grp_002_BED-S_X012_Y012,1.6595836444444443,6375.0,14794.0
400,BED-S,Grp_002_BED-S_X012_Y013,1.6595836444444443,6375.0,14807.0
400,BED-S,Grp_002_BED-S_X012_Y014,1.6625471866666668,6375.0,14819.0
400,BED-S,Grp_002_BED-S_X012_Y015,1.6714378133333332,6375.0,14832.0
400,BED-S,Grp_002_BED-S_X012_Y016,1.65365656,6375.0,14844.0
400,BED-S,Grp_002_BED-S_X012_Y017,1.655138331111111,6375.0,14857.0
400,BED-S,Grp_002_BED-S_X012_Y018,1.6655107288888888,6375.0,14869.0
400,BED-S,Grp_002_BED-S_X013_Y000,1.6506930177777777,6357.0,14644.0
400,BED-S,Grp_002_BED-S_X013_Y001,1.672326876,6357.0,14656.0
400,BED-S,Grp_002_BED-S_X013_Y002,1.6640289577777778,6358.0,14669.0
400,BED-S,Grp_002_BED-S_X013_Y003,1.6432841622222223,6358.0,14681.0
400,BED-S,Grp_002_BED-S_X013_Y004,1.6610654155555555,6358.0,14694.0
400,BED-S,Grp_002_BED-S_X013_Y005,1.6581018733333335,6358.0,14707.0
400,BED-S,Grp_002_BED-S_X013_Y006,1.6581018733333333,6358.0,14719.0
400,BED-S,Grp_002_BED-S_X013_Y007,1.658990936,6358.0,14732.0
400,BED-S,Grp_002_BED-S_X013_Y008,1.6788466688888888,6358.0,14744.0
400,BED-S,Grp_002_BED-S_X013_Y009,1.6669924999999999,6358.0,14757.0
400,BED-S,Grp_002_BED-S_X013_Y010,1.6669925,6358.0,14769.0
400,BED-S,Grp_002_BED-S_X013_Y011,1.6477294755555556,6358.0,14782.0
400,BED-S,Grp_002_BED-S_X013_Y012,1.644765933333333,6358.0,14794.0
400,BED-S,Grp_002_BED-S_X013_Y013,1.65365656,6358.0,14807.0
400,BED-S,Grp_002_BED-S_X013_Y014,1.6699560422222222,6358.0,14819.0
400,BED-S,Grp_002_BED-S_X013_Y015,1.6625471866666668,6358.0,14832.0
400,BED-S,Grp_002_BED-S_X013_Y016,1.6566201022222224,6358.0,14844.0
400,BED-S,Grp_002_BED-S_X013_Y017,1.6803284399999998,6358.0,14857.0
400,BED-S,Grp_002_BED-S_X013_Y018,1.6656589060000002,6358.0,14869.0
400,BED-S,Grp_002_BED-S_X014_Y000,1.6521747888888887,6341.0,14644.0
400,BED-S,Grp_002_BED-S_X014_Y001,1.648322184,6341.0,14656.0
400,BED-S,Grp_002_BED-S_X014_Y002,1.655138331111111,6341.0,14669.0
400,BED-S,Grp_002_BED-S_X014_Y003,1.6669925,6341.0,14681.0
400,BED-S,Grp_002_BED-S_X014_Y004,1.655138331111111,6341.0,14694.0
400,BED-S,Grp_002_BED-S_X014_Y005,1.6749940639999998,6341.0,14707.0
400,BED-S,Grp_002_BED-S_X014_Y006,1.6492112466666664,6341.0,14719.0
400,BED-S,Grp_002_BED-S_X014_Y007,1.6625471866666668,6341.0,14732.0
400,BED-S,Grp_002_BED-S_X014_Y008,1.6581018733333333,6341.0,14744.0
400,BED-S,Grp_002_BED-S_X014_Y009,1.654990154,6341.0,14757.0
400,BED-S,Grp_002_BED-S_X014_Y010,1.6521747888888887,6341.0,14769.0
400,BED-S,Grp_002_BED-S_X014_Y011,1.6625471866666666,6341.0,14782.0
400,BED-S,Grp_002_BED-S_X014_Y012,1.65365656,6341.0,14794.0
400,BED-S,Grp_002_BED-S_X014_Y013,1.6610654155555555,6341.0,14807.0
400,BED-S,Grp_002_BED-S_X014_Y014,1.6581018733333333,6341.0,14819.0
400,BED-S,Grp_002_BED-S_X014_Y015,1.6521747888888885,6341.0,14832.0
400,BED-S,Grp_002_BED-S_X014_Y016,1.6595836444444443,6341.0,14844.0
400,BED-S,Grp_002_BED-S_X014_Y017,1.6655107288888888,6341.0,14857.0
400,BED-S,Grp_002_BED-S_X014_Y018,1.6625471866666666,6341.0,14869.0
400,BED-S,Grp_002_BED-S_X015_Y000,1.6566201022222222,6324.0,14644.0
400,BED-S,Grp_002_BED-S_X015_Y001,1.6625471866666668,6324.0,14656.0
400,BED-S,Grp_002_BED-S_X015_Y002,1.652174788888889,6324.0,14669.0
400,BED-S,Grp_002_BED-S_X015_Y003,1.6669924999999999,6324.0,14681.0
400,BED-S,Grp_002_BED-S_X015_Y004,1.6581018733333333,6324.0,14694.0
400,BED-S,Grp_002_BED-S_X015_Y005,1.6640289577777778,6324.0,14707.0
400,BED-S,Grp_002_BED-S_X015_Y006,1.6684742711111111,6324.0,14719.0
400,BED-S,Grp_002_BED-S_X015_Y007,1.6625471866666666,6324.0,14732.0
400,BED-S,Grp_002_BED-S_X015_Y008,1.6492112466666666,6324.0,14744.0
400,BED-S,Grp_002_BED-S_X015_Y009,1.6669925,6324.0,14757.0
400,BED-S,Grp_002_BED-S_X015_Y010,1.6625471866666666,6324.0,14769.0
400,BED-S,Grp_002_BED-S_X015_Y011,1.6669925,6324.0,14782.0
400,BED-S,Grp_002_BED-S_X015_Y012,1.6655107288888888,6324.0,14794.0
400,BED-S,Grp_002_BED-S_X015_Y013,1.6669925,6324.0,14807.0
400,BED-S,Grp_002_BED-S_X015_Y014,1.6506930177777777,6324.0,14819.0
400,BED-S,Grp_002_BED-S_X015_Y015,1.641802391111111,6324.0,14832.0
400,BED-S,Grp_002_BED-S_X015_Y016,1.6388388488888888,6324.0,14844.0
400,BED-S,Grp_002_BED-S_X015_Y017,1.6669924999999999,6324.0,14857.0
400,BED-S,Grp_002_BED-S_X015_Y018,1.6640289577777778,6324.0,14870.0
400,BED-S,Grp_002_BED-S_X016_Y000,1.6477294755555554,6307.0,14644.0
400,BED-S,Grp_002_BED-S_X016_Y001,1.6610654155555555,6307.0,14656.0
400,BED-S,Grp_002_BED-S_X016_Y002,1.668474271111111,6307.0,14669.0
400,BED-S,Grp_002_BED-S_X016_Y003,1.6684742711111111,6307.0,14681.0
400,BED-S,Grp_002_BED-S_X016_Y004,1.6566201022222222,6307.0,14694.0
400,BED-S,Grp_002_BED-S_X016_Y005,1.6714378133333332,6307.0,14707.0
400,BED-S,Grp_002_BED-S_X016_Y006,1.6669924999999999,6307.0,14719.0
400,BED-S,Grp_002_BED-S_X016_Y007,1.6536565600000002,6307.0,14732.0
400,BED-S,Grp_002_BED-S_X016_Y008,1.6640289577777776,6307.0,14744.0
400,BED-S,Grp_002_BED-S_X016_Y009,1.6699560422222222,6307.0,14757.0
400,BED-S,Grp_002_BED-S_X016_Y010,1.6655107288888888,6307.0,14769.0
400,BED-S,Grp_002_BED-S_X016_Y011,1.655138331111111,6307.0,14782.0
400,BED-S,Grp_002_BED-S_X016_Y012,1.6655107288888888,6307.0,14794.0
400,BED-S,Grp_002_BED-S_X016_Y013,1.6566201022222222,6307.0,14807.0
400,BED-S,Grp_002_BED-S_X016_Y014,1.681810211111111,6307.0,14819.0
400,BED-S,Grp_002_BED-S_X016_Y015,1.656620102222222,6307.0,14832.0
400,BED-S,Grp_002_BED-S_X016_Y016,1.658990936,6307.0,14844.0
400,BED-S,Grp_002_BED-S_X016_Y017,1.6595836444444443,6307.0,14857.0
400,BED-S,Grp_002_BED-S_X016_Y018,1.6640289577777778,6308.0,14870.0
400,BED-S,Grp_002_BED-S_X017_Y000,1.6566201022222222,6290.0,14644.0
400,BED-S,Grp_002_BED-S_X017_Y001,1.6669925,6290.0,14656.0
400,BED-S,Grp_002_BED-S_X017_Y002,1.655138331111111,6290.0,14669.0
400,BED-S,Grp_002_BED-S_X017_Y003,1.6699560422222222,6290.0,14681.0
400,BED-S,Grp_002_BED-S_X017_Y004,1.658990936,6290.0,14694.0
400,BED-S,Grp_002_BED-S_X017_Y005,1.6610654155555553,6290.0,14707.0
400,BED-S,Grp_002_BED-S_X017_Y006,1.6506930177777777,6290.0,14719.0
400,BED-S,Grp_002_BED-S_X017_Y007,1.655138331111111,6290.0,14732.0
400,BED-S,Grp_002_BED-S_X017_Y008,1.6640289577777778,6290.0,14744.0
400,BED-S,Grp_002_BED-S_X017_Y009,1.6506930177777777,6290.0,14757.0
400,BED-S,Grp_002_BED-S_X017_Y010,1.6640289577777778,6290.0,14769.0
400,BED-S,Grp_002_BED-S_X017_Y011,1.6462477044444443,6290.0,14782.0
400,BED-S,Grp_002_BED-S_X017_Y012,1.6506930177777777,6290.0,14794.0
400,BED-S,Grp_002_BED-S_X017_Y013,1.6506930177777777,6290.0,14807.0
400,BED-S,Grp_002_BED-S_X017_Y014,1.6610654155555555,6291.0,14819.0
400,BED-S,Grp_002_BED-S_X017_Y015,1.6610654155555555,6290.0,14832.0
400,BED-S,Grp_002_BED-S_X017_Y016,1.6669924999999997,6291.0,14844.0
400,BED-S,Grp_002_BED-S_X017_Y017,1.6684742711111111,6291.0,14857.0
400,BED-S,Grp_002_BED-S_X017_Y018,1.6625471866666668,6291.0,14870.0
400,BED-S,Grp_002_BED-S_X018_Y000,1.6749940639999998,6273.0,14644.0
400,BED-S,Grp_002_BED-S_X018_Y001,1.6655107288888888,6273.0,14656.0
400,BED-S,Grp_002_BED-S_X018_Y002,1.668474271111111,6273.0,14669.0
400,BED-S,Grp_002_BED-S_X018_Y003,1.662991718,6273.0,14681.0
400,BED-S,Grp_002_BED-S_X018_Y004,1.6684742711111111,6273.0,14694.0
400,BED-S,Grp_002_BED-S_X018_Y005,1.665510728888889,6273.0,14707.0
400,BED-S,Grp_002_BED-S_X018_Y006,1.6477294755555556,6273.0,14719.0
400,BED-S,Grp_002_BED-S_X018_Y007,1.655138331111111,6273.0,14732.0
400,BED-S,Grp_002_BED-S_X018_Y008,1.6506930177777777,6273.0,14744.0
400,BED-S,Grp_002_BED-S_X018_Y009,1.6655107288888888,6273.0,14757.0
400,BED-S,Grp_002_BED-S_X018_Y010,1.669659688,6274.0,14769.0
400,BED-S,Grp_002_BED-S_X018_Y011,1.6625471866666666,6274.0,14782.0
400,BED-S,Grp_002_BED-S_X018_Y012,1.655138331111111,6274.0,14794.0
400,BED-S,Grp_002_BED-S_X018_Y013,1.6536565600000002,6274.0,14807.0
400,BED-S,Grp_002_BED-S_X018_Y014,1.65365656,6274.0,14819.0
400,BED-S,Grp_002_BED-S_X018_Y015,1.6595836444444443,6274.0,14832.0
400,BED-S,Grp_002_BED-S_X018_Y016,1.6625471866666668,6274.0,14844.0
400,BED-S,Grp_002_BED-S_X018_Y017,1.6640289577777778,6274.0,14857.0
400,BED-S,Grp_002_BED-S_X018_Y018,1.683291982222222,6274.0,14870.0
